x,y,z,w
0.1199505,-0.08349612,-0.1860239,0.9716149
0.120088,-0.08343823,-0.1860766,0.9715928
0.1202421,-0.08333278,-0.186134,0.9715717
0.1203942,-0.0831833,-0.1861924,0.9715546
0.1205284,-0.08298746,-0.1862478,0.9715441
0.1206452,-0.08279119,-0.1862839,0.9715393
0.1207565,-0.08259458,-0.1863152,0.9715363
0.1208856,-0.08242848,-0.1863848,0.971521
0.1210193,-0.08232228,-0.1864602,0.9714989
0.1211467,-0.08227462,-0.186537,0.9714722
0.1212521,-0.08228318,-0.1866115,0.971444
0.1213348,-0.08229908,-0.1866045,0.9714337
0.1214021,-0.082312,-0.1865988,0.9714253
0.1214471,-0.08238505,-0.1866017,0.971413
0.1214827,-0.08249044,-0.1865562,0.9714084
0.1215273,-0.08260363,-0.1865052,0.9714029
0.1216033,-0.08268264,-0.1865055,0.9713866
0.121702,-0.08275527,-0.1865027,0.9713686
0.1218214,-0.08283187,-0.1864982,0.971348
0.1219353,-0.08285372,-0.1864885,0.9713337
0.1220129,-0.08286862,-0.1864818,0.971324
0.1220646,-0.08287855,-0.1864774,0.9713175
0.1220815,-0.08279062,-0.1864664,0.971325
0.1221177,-0.08263343,-0.1865465,0.9713184
0.1222258,-0.08242052,-0.1866502,0.971303
0.1223412,-0.08217459,-0.1867654,0.971287
0.1224062,-0.08189313,-0.1869139,0.9712741
0.1224722,-0.08160648,-0.1870617,0.9712614
0.1225432,-0.08129396,-0.1872063,0.9712509
0.1226268,-0.08092579,-0.1873753,0.9712386
0.1226591,-0.08047279,-0.1875776,0.971233
0.1226856,-0.07996888,-0.1877856,0.971231
0.1226988,-0.07945871,-0.1880207,0.9712259
0.1226873,-0.07896132,-0.1882491,0.9712235
0.1226469,-0.07846735,-0.1884543,0.971229
0.1225668,-0.0779825,-0.1886591,0.9712383
0.1224468,-0.07747988,-0.1888607,0.9712545
0.1222907,-0.07695925,-0.189027,0.9712832
0.1221058,-0.07643103,-0.1891319,0.9713277
0.1218956,-0.07596742,-0.1892092,0.9713755
0.1216629,-0.07563707,-0.1893015,0.9714125
0.1213974,-0.07545645,-0.1893085,0.9714584
0.1211179,-0.07540199,-0.1893302,0.9714932
0.1208695,-0.07535358,-0.1893494,0.9715241
0.1206401,-0.07537334,-0.189374,0.9715464
0.1204374,-0.07542598,-0.1893149,0.971579
0.1202588,-0.07548296,-0.1892169,0.9716158
0.1201113,-0.07553884,-0.1890894,0.9716545
0.1200015,-0.07561567,-0.1889391,0.9716913
0.1199753,-0.07570017,-0.1887657,0.9717216
0.1199457,-0.07580084,-0.1885889,0.9717517
0.1200271,-0.07598034,-0.1884623,0.9717522
0.1202157,-0.07621208,-0.1884151,0.9717199
0.1204737,-0.0764877,-0.1884185,0.9716657
0.1207742,-0.07676615,-0.1884179,0.9716066
0.1210899,-0.07702072,-0.1884132,0.971548
0.1214018,-0.07721632,-0.1883182,0.971512
0.1217136,-0.07729273,-0.1881789,0.971494
0.1220289,-0.07737273,-0.1880184,0.9714791
0.1223649,-0.07745672,-0.1878562,0.9714614
0.1227416,-0.07754054,-0.187748,0.9714282
0.1231762,-0.07762453,-0.1877133,0.9713731
0.1236696,-0.07784872,-0.1876877,0.9712975
0.1242289,-0.07811671,-0.1877447,0.9711936
0.1248477,-0.07836416,-0.1878303,0.9710777
0.1254677,-0.07859171,-0.187866,0.9709725
0.1259791,-0.07886784,-0.1877879,0.970899
0.1266049,-0.07846055,-0.1879153,0.9708259
0.126931,-0.07840891,-0.1879662,0.9707777
0.1270637,-0.07855076,-0.1877568,0.9707894
0.1271863,-0.07833526,-0.1876304,0.9708152
0.1272678,-0.07800633,-0.1875789,0.9708409
0.1273493,-0.07774214,-0.1874672,0.9708731
0.1274205,-0.07736027,-0.1874035,0.9709064
0.1275047,-0.07691327,-0.1874428,0.9709234
0.127694,-0.07644533,-0.1876047,0.9709042
0.1278258,-0.07618727,-0.1875424,0.9709192
0.1279791,-0.07573265,-0.1876395,0.9709156
0.1281785,-0.0752383,-0.1877148,0.9709134
0.1283708,-0.07460929,-0.1877778,0.9709243
0.1285429,-0.07402409,-0.1878316,0.9709358
0.1287347,-0.07355426,-0.1878515,0.9709423
0.1290589,-0.07292079,-0.187936,0.9709307
0.1294684,-0.07225384,-0.188055,0.970903
0.129932,-0.07164825,-0.1882465,0.9708489
0.1304456,-0.07099114,-0.1885251,0.9707741
0.1309501,-0.07029539,-0.1886543,0.9707317
0.1315455,-0.06945374,-0.1889648,0.9706514
0.1321578,-0.06859051,-0.1892263,0.9705787
0.1327413,-0.06773596,-0.1894203,0.9705213
0.1333289,-0.066794,-0.1897239,0.9704467
0.1339144,-0.06575882,-0.1899711,0.9703884
0.1344387,-0.06474278,-0.1902269,0.9703341
0.1349129,-0.06366984,-0.190431,0.9702992
0.1353671,-0.06250145,-0.1906729,0.9702644
0.1357935,-0.06134217,-0.1909512,0.9702241
0.1361814,-0.06020482,-0.191112,0.9702094
0.1365466,-0.05899628,-0.1913801,0.9701794
0.1368986,-0.05776188,-0.1916107,0.9701586
0.1371762,-0.05649343,-0.1918347,0.9701498
0.1374492,-0.05522602,-0.1920782,0.9701359
0.1376527,-0.05394121,-0.1922908,0.9701372
0.1378465,-0.05261584,-0.1925419,0.9701327
0.1380337,-0.05126527,-0.192779,0.9701313
0.1382138,-0.04992501,-0.1930622,0.9701192
0.1383744,-0.04860174,-0.1933308,0.9701101
0.1384917,-0.04722529,-0.1935625,0.9701152
0.1385471,-0.04584958,-0.1937829,0.9701293
0.1385456,-0.04441314,-0.1939443,0.970164
0.1385055,-0.04282737,-0.1940557,0.9702188
0.1384189,-0.04122089,-0.1942465,0.9702625
0.1383129,-0.03953725,-0.1943008,0.9703369
0.1381953,-0.03790142,-0.1944798,0.970383
0.1381329,-0.03633289,-0.1946491,0.970418
0.1380822,-0.03472907,-0.1948587,0.9704418
0.1379721,-0.03324923,-0.1950708,0.9704667
0.1378305,-0.03167309,-0.1953012,0.9704932
0.1376313,-0.03007246,-0.1955556,0.9705212
0.1373708,-0.02844933,-0.1958568,0.9705462
0.1370547,-0.02678951,-0.1960873,0.9705916
0.136716,-0.02513438,-0.1963768,0.9706252
0.1364216,-0.02340201,-0.1966366,0.9706573
0.1361552,-0.02168937,-0.1969041,0.9706802
0.1359037,-0.02006042,-0.1971596,0.9706987
0.1357157,-0.01841437,-0.1974456,0.9706995
0.1355739,-0.01681053,-0.1977587,0.9706846
0.1354223,-0.01525318,-0.1980779,0.9706665
0.1352559,-0.01371293,-0.19841,0.9706448
0.1350902,-0.01222019,-0.1987465,0.970619
0.1349184,-0.01072474,-0.1991148,0.970585
0.1347557,-0.009235103,-0.19941,0.9705623
0.1346718,-0.007816207,-0.1997004,0.9705268
0.1346358,-0.006417133,-0.2000756,0.9704648
0.1346634,-0.005115425,-0.2003189,0.9704185
0.1347115,-0.003824478,-0.2006458,0.9703501
0.1348003,-0.002637046,-0.2009614,0.9702765
0.1349289,-0.001521443,-0.2012313,0.970205
0.1350686,-0.0004527684,-0.2015063,0.9701296
0.135207,0.0005866134,-0.2018108,0.9700469
0.1354095,0.001630524,-0.2020649,0.9699646
0.135596,0.002607282,-0.2023714,0.9698724
0.1357798,0.003567741,-0.2027485,0.969765
0.136008,0.004473328,-0.2030944,0.9696568
0.1362683,0.005365189,-0.2034882,0.9695331
0.1365533,0.006261249,-0.2038336,0.9694152
0.1368517,0.007106629,-0.2041422,0.9693024
0.1371351,0.007993433,-0.2044018,0.9692007
0.137419,0.008889874,-0.2046064,0.9691094
0.1377283,0.009821315,-0.2047973,0.9690162
0.1380725,0.010779,-0.2049797,0.9689185
0.1384356,0.01178198,-0.2051616,0.9688165
0.138816,0.01283025,-0.2053605,0.9687066
0.1392048,0.01392914,-0.2055402,0.9685975
0.139597,0.01500086,-0.2057187,0.9684872
0.1400146,0.01607445,-0.2059533,0.9683598
0.1404767,0.0172129,-0.2062145,0.9682177
0.1409623,0.01838499,-0.2065339,0.9680575
0.1414784,0.01958629,-0.2068843,0.9678839
0.1420111,0.02083575,-0.2072385,0.967704
0.1425284,0.02209042,-0.2075775,0.9675274
0.1430389,0.02335767,-0.207951,0.9673421
0.1435524,0.02465781,-0.2082365,0.9671723
0.144055,0.02592116,-0.2085335,0.9670005
0.1445888,0.02725525,-0.2088149,0.9668235
0.1451408,0.02855079,-0.2091299,0.9666353
0.1457104,0.02989723,-0.2094899,0.9664308
0.146302,0.03133853,-0.209893,0.9662083
0.1469008,0.03283513,-0.2102714,0.9659855
0.1474662,0.03431546,-0.2106429,0.9657669
0.1479985,0.03578268,-0.2109455,0.9655662
0.1484998,0.03729365,-0.2111986,0.9653767
0.1489902,0.03878857,-0.211401,0.9651979
0.1494857,0.04021394,-0.2115504,0.9650302
0.149983,0.04172513,-0.2117649,0.9648418
0.150465,0.04318361,-0.2119023,0.9646724
0.1508866,0.0445891,-0.2121054,0.964498
0.1512797,0.04610437,-0.2123376,0.964314
0.1515795,0.04764149,-0.2125751,0.9641399
0.1518819,0.04912045,-0.212788,0.9639711
0.1521131,0.05058429,-0.2130435,0.9638025
0.1523414,0.05208596,-0.2132731,0.9636357
0.1526252,0.05355244,-0.2134988,0.9634604
0.1528964,0.05497385,-0.2137516,0.9632813
0.15317,0.05639383,-0.2139885,0.9631031
0.1534411,0.05779889,-0.2142324,0.9629225
0.1536411,0.05917525,-0.214504,0.9627464
0.15382,0.06061335,-0.2147293,0.9625782
0.1539495,0.06200803,-0.2150075,0.9624066
0.1540737,0.06338044,-0.2152783,0.9622367
0.1542188,0.06473864,-0.2155689,0.9620579
0.1543897,0.06600691,-0.2158595,0.9618792
0.1546037,0.0671911,-0.2161536,0.9616967
0.1548047,0.06830789,-0.2164627,0.9615162
0.1549533,0.06941161,-0.2167453,0.9613495
0.155058,0.07044589,-0.2170013,0.9611996
0.1551241,0.07148393,-0.2172604,0.9610538
0.1551566,0.07248516,-0.2174925,0.9609211
0.1551603,0.0734551,-0.2177285,0.9607934
0.155175,0.07440019,-0.2179637,0.9606649
0.1552206,0.07523026,-0.2181405,0.9605528
0.1552989,0.07602276,-0.2183405,0.9604323
0.1554244,0.07677858,-0.2185061,0.9603142
0.155549,0.07750563,-0.2186238,0.9602088
0.1556831,0.07826042,-0.2187407,0.9600992
0.1557751,0.07903505,-0.2188195,0.9600029
0.155859,0.07978719,-0.2188805,0.9599131
0.1559325,0.08051086,-0.2189609,0.9598225
0.1560035,0.08120818,-0.2190497,0.9597319
0.1560475,0.08183929,-0.2191061,0.9596582
0.15608,0.08241165,-0.2191563,0.9595926
0.1561817,0.08293662,-0.219223,0.9595155
0.1562728,0.08341559,-0.2192972,0.9594423
0.156355,0.0838672,-0.2193967,0.9593667
0.1564418,0.08432483,-0.219469,0.9592958
0.1565242,0.08476879,-0.2195539,0.9592239
0.1566026,0.08519824,-0.2196464,0.9591519
0.1566829,0.08561672,-0.219704,0.9590883
0.1567597,0.08600547,-0.2197401,0.9590327
0.1568249,0.08633552,-0.2197701,0.9589856
0.1568887,0.08665366,-0.2197915,0.9589415
0.1569447,0.08693521,-0.2198136,0.9589018
0.1569876,0.08715378,-0.2198355,0.9588699
0.157023,0.08734255,-0.2198675,0.9588396
0.1569866,0.08752017,-0.2198926,0.9588236
0.1569253,0.0876329,-0.2199224,0.9588165
0.1568375,0.08766252,-0.2199814,0.9588146
0.1567655,0.08768778,-0.2200366,0.9588115
0.1567608,0.08769614,-0.2200877,0.9587997
0.1566843,0.08764379,-0.220093,0.9588158
0.1566003,0.08758239,-0.2200994,0.9588336
0.1565347,0.08752564,-0.2200532,0.9588601
0.1564637,0.08740736,-0.2199911,0.9588968
0.1563786,0.08724216,-0.2199629,0.9589321
0.1563443,0.08705848,-0.2199299,0.958962
0.1562512,0.08684992,-0.219893,0.9590045
0.1561404,0.08661388,-0.2198653,0.9590504
0.156007,0.08636469,-0.2198229,0.9591042
0.1558678,0.08611715,-0.2197429,0.9591674
0.155719,0.08583631,-0.2196841,0.9592303
0.1555737,0.08557079,-0.2196227,0.9592916
0.1554534,0.0852651,-0.2195538,0.9593542
0.1553829,0.08490103,-0.2195078,0.9594083
0.1553031,0.08449607,-0.2194685,0.959466
0.155212,0.08403915,-0.2194323,0.959529
0.1551199,0.08356953,-0.2193824,0.9595965
0.1550223,0.08307347,-0.2193314,0.9596669
0.1549234,0.08255795,-0.2192573,0.9597443
0.154817,0.0819906,-0.2191548,0.9598335
0.1547684,0.08139275,-0.2190126,0.9599248
0.1547109,0.08074553,-0.2188573,0.960024
0.1546417,0.08004601,-0.2186629,0.9601381
0.1545755,0.0793331,-0.218418,0.9602636
0.1544488,0.07858328,-0.2181609,0.9604041
0.1543119,0.07778653,-0.2179058,0.9605488
0.1541739,0.07697702,-0.2176369,0.9606972
0.154025,0.07611463,-0.2173658,0.9608511
0.1538659,0.0752053,-0.2170968,0.9610091
0.1536453,0.07428137,-0.216817,0.9611793
0.1534087,0.07332651,-0.2165257,0.961356
0.1531681,0.07232105,-0.2162215,0.9615391
0.1529327,0.0712784,-0.215897,0.9617273
0.1526787,0.07020209,-0.2155772,0.9619185
0.1524341,0.06912501,-0.2152681,0.9621046
0.1522369,0.06800587,-0.2149357,0.9622898
0.1520319,0.06685752,-0.2146181,0.9624736
0.1518356,0.06575843,-0.2143134,0.9626482
0.1516352,0.06463712,-0.2140014,0.9628251
0.1514347,0.06353083,-0.2137183,0.9629931
0.1512461,0.06249004,-0.2134508,0.9631502
0.1511195,0.06144982,-0.2132111,0.9632901
0.151007,0.06043695,-0.2129935,0.96342
0.1509303,0.05947206,-0.2127845,0.9635381
0.150872,0.05847982,-0.2126067,0.9636474
0.1508131,0.05746824,-0.2124476,0.9637524
0.15075,0.05647123,-0.2123068,0.9638522
0.1506841,0.05547303,-0.2121923,0.9639457
0.1506124,0.05444077,-0.2120618,0.9640445
0.1505269,0.05341535,-0.2119192,0.9641466
0.1504141,0.05241126,-0.2117671,0.9642527
0.1502948,0.05143152,-0.2116213,0.964356
0.1501874,0.05052911,-0.2114579,0.9644564
0.1500877,0.04962587,-0.2112629,0.9645615
0.1499981,0.04870939,-0.211107,0.9646563
0.149943,0.04779159,-0.2109199,0.9647516
0.1499232,0.04683075,-0.210719,0.9648458
0.1499344,0.04582296,-0.2105467,0.9649301
0.1499979,0.04480904,-0.2103759,0.965005
0.1500789,0.04380199,-0.210204,0.9650762
0.1501537,0.04279008,-0.2100272,0.9651484
0.1502002,0.04173666,-0.2098249,0.9652313
0.1502349,0.04070952,-0.2096339,0.9653112
0.1502909,0.03970309,-0.209429,0.9653889
0.1503781,0.03869747,-0.2092398,0.9654571
0.1504873,0.03764319,-0.2090529,0.9655223
0.1506152,0.03657172,-0.2088527,0.965587
0.1507688,0.03549382,-0.2086481,0.9656474
0.1509484,0.03439876,-0.2084038,0.9657117
0.1511583,0.03331708,-0.2081467,0.9657723
0.1513734,0.03223344,-0.2078844,0.9658319
0.1515864,0.03119474,-0.2076252,0.9658883
0.1517744,0.03016829,-0.2073745,0.9659452
0.1518991,0.02912229,-0.2071215,0.966012
0.1519832,0.02814954,-0.2068938,0.9660764
0.1520367,0.02719257,-0.20669,0.9661391
0.1520706,0.02619823,-0.2065024,0.9662013
0.152124,0.02517587,-0.2063399,0.9662548
0.1522331,0.02413462,-0.2061692,0.9663006
0.1523904,0.0231062,-0.2060433,0.9663278
0.1525403,0.02209701,-0.2059248,0.9663529
0.1526669,0.02114642,-0.2057603,0.9663894
0.1527765,0.0203002,-0.2056059,0.9664229
0.1528506,0.01945756,-0.2054249,0.9664671
0.1529133,0.01861032,-0.205234,0.9665143
0.1529669,0.01773949,-0.2050205,0.9665676
0.1529997,0.01684373,-0.204795,0.9666262
0.1530239,0.01593443,-0.2045769,0.966684
0.1530615,0.01503837,-0.2043563,0.9667391
0.1531215,0.0141206,-0.2041333,0.9667906
0.1531945,0.01319088,-0.2039222,0.9668366
0.1532727,0.01228935,-0.2037224,0.9668783
0.1533318,0.01144934,-0.2035026,0.9669255
0.1533552,0.01064129,-0.2032627,0.9669815
0.1533243,0.009852179,-0.2029999,0.96705
0.1532522,0.009070078,-0.2027261,0.9671265
0.1531562,0.008275202,-0.2024441,0.9672078
0.1530503,0.007435586,-0.2021797,0.9672868
0.1529417,0.006561266,-0.2019363,0.9673612
0.1528338,0.005666882,-0.2017062,0.9674317
0.1527317,0.004752176,-0.2014948,0.9674968
0.1526296,0.00386756,-0.2012998,0.9675575
0.1525201,0.002971267,-0.2010907,0.9676215
0.1524156,0.002073899,-0.2008815,0.9676837
0.152311,0.001174907,-0.2006618,0.9677472
0.1522083,0.0002569464,-0.2004289,0.9678124
0.1521223,-0.0006029441,-0.2002023,0.9678727
0.1520205,-0.001486478,-0.1999797,0.9679337
0.1518601,-0.002317347,-0.199735,0.9680078
0.1516986,-0.003150942,-0.1995064,0.9680778
0.1515337,-0.00400243,-0.1992647,0.9681504
0.1513036,-0.00485584,-0.1990306,0.9682305
0.1510404,-0.005712396,-0.1988034,0.9683137
0.1507379,-0.00654855,-0.1985848,0.9684003
0.1504092,-0.007435515,-0.1983588,0.9684913
0.1500802,-0.00834772,-0.1981468,0.9685783
0.1497842,-0.009255932,-0.1979328,0.9686597
0.1495254,-0.01018922,-0.1977472,0.9687282
0.149344,-0.01110905,-0.1975721,0.9687818
0.1491649,-0.01202374,-0.1973274,0.9688483
0.1489791,-0.01296579,-0.1971448,0.9689019
0.1487994,-0.01388282,-0.1968842,0.9689698
0.1486102,-0.01484628,-0.1966306,0.9690362
0.1484162,-0.01582921,-0.196422,0.9690926
0.1482213,-0.01682002,-0.1961616,0.9691585
0.1480146,-0.01786329,-0.1959724,0.9692097
0.1478049,-0.01892396,-0.1957381,0.9692689
0.1476564,-0.02002519,-0.1955327,0.9693108
0.1475191,-0.02114939,-0.1953351,0.9693477
0.1473996,-0.02229198,-0.1951125,0.9693851
0.1473021,-0.02348443,-0.1948797,0.9694186
0.1472331,-0.02458723,-0.1946589,0.9694461
0.147157,-0.02580546,-0.194428,0.9694723
0.1471004,-0.02700565,-0.1941616,0.9695016
0.1470418,-0.02816131,-0.193931,0.9695238
0.1469688,-0.02933348,-0.193682,0.9695498
0.1468806,-0.03055419,-0.1934194,0.9695779
0.1467961,-0.03175546,-0.1931799,0.9696
0.1467098,-0.03299151,-0.1929609,0.9696153
0.1466343,-0.03425232,-0.1927021,0.9696345
0.1465716,-0.03550169,-0.1924618,0.9696468
0.1465216,-0.0367399,-0.1922029,0.9696596
0.1464777,-0.03799871,-0.191925,0.9696727
0.1464456,-0.03925073,-0.1916345,0.9696851
0.1464302,-0.04044659,-0.1913718,0.9696902
0.146403,-0.04164299,-0.1910568,0.9697058
0.1463566,-0.04282776,-0.1907572,0.9697201
0.146287,-0.04399267,-0.1904508,0.9697387
0.1461868,-0.04514782,-0.1901346,0.9697629
0.1460619,-0.04628574,-0.1897593,0.9698015
0.1459066,-0.0474482,-0.1894687,0.9698255
0.1457191,-0.04863036,-0.1891193,0.9698633
0.1454829,-0.04978894,-0.1887915,0.9699039
0.1452429,-0.05096449,-0.1884553,0.9699442
0.1449973,-0.05216657,-0.1881175,0.9699826
0.1447575,-0.05333756,-0.1877748,0.9700211
0.1445264,-0.05445989,-0.1874034,0.9700651
0.1442825,-0.05564568,-0.1870306,0.970106
0.1440354,-0.05684688,-0.1866599,0.9701445
0.1437979,-0.05799632,-0.1862811,0.9701844
0.1436183,-0.05918112,-0.1859177,0.9702092
0.1434331,-0.06039529,-0.185569,0.9702286
0.1432432,-0.06160973,-0.1852468,0.9702418
0.1430557,-0.06286374,-0.1849187,0.9702517
0.142883,-0.06410319,-0.1846295,0.9702511
0.1427224,-0.06533416,-0.1843377,0.970248
0.1425741,-0.06658347,-0.1840468,0.9702402
0.1424534,-0.06785771,-0.1837669,0.9702227
0.1423531,-0.06913574,-0.1834853,0.9702005
0.1422693,-0.07044767,-0.1832485,0.9701632
0.1422,-0.07177839,-0.1829434,0.9701333
0.142176,-0.073136,-0.18269,0.9700832
0.1421904,-0.07449864,-0.1824808,0.9700168
0.1422279,-0.07587055,-0.1822383,0.9699506
0.1422835,-0.07733265,-0.1819625,0.9698787
0.1423643,-0.07884446,-0.1817432,0.9697863
0.1424429,-0.08037648,-0.1814625,0.9697015
0.1425032,-0.0819404,-0.1811661,0.9696172
0.1425537,-0.08351073,-0.180818,0.9695408
0.142575,-0.08509517,-0.180485,0.9694619
0.1425809,-0.08667123,-0.1800514,0.9694021
0.1425771,-0.08832182,-0.179617,0.9693342
0.1425626,-0.08997025,-0.1791831,0.969265
0.1425347,-0.09169193,-0.178685,0.9691998
0.1425116,-0.09342155,-0.1782079,0.9691258
0.142482,-0.09519842,-0.1776998,0.9690505
0.1424413,-0.09707947,-0.1771734,0.9689663
0.1424019,-0.09895347,-0.1766559,0.968877
0.142344,-0.1008592,-0.1761227,0.9687861
0.1422769,-0.1028073,-0.1755845,0.9686888
0.1422181,-0.1047628,-0.1750402,0.9685864
0.142156,-0.106737,-0.1745084,0.968476
0.1420948,-0.1087323,-0.1739784,0.9683583
0.1420154,-0.1107585,-0.1734378,0.9682373
0.1419368,-0.1127588,-0.1729198,0.9681106
0.1418161,-0.1147671,-0.1723759,0.9679893
0.141631,-0.1167661,-0.1718231,0.9678756
0.1414057,-0.118724,-0.1712809,0.9677665
0.1411402,-0.1207105,-0.1707205,0.9676585
0.1408341,-0.1227427,-0.1701707,0.9675443
0.1405062,-0.1248218,-0.1696076,0.9674248
0.1401709,-0.1269177,-0.1690628,0.9672961
0.1398162,-0.1290895,-0.1685291,0.9671532
0.1394664,-0.13128,-0.1679798,0.9670044
0.1391399,-0.1334149,-0.167457,0.9668499
0.1388182,-0.1355457,-0.1669267,0.9666914
0.1385171,-0.1376847,-0.1663611,0.9665298
0.1382542,-0.1397639,-0.1658939,0.9663493
0.1380037,-0.1417466,-0.1654289,0.966176
0.1377363,-0.1437559,-0.1649155,0.9660051
0.1374382,-0.145711,-0.16447,0.9658306
0.1370887,-0.1476532,-0.1639881,0.9656671
0.136652,-0.1496222,-0.1634593,0.9655156
0.1362271,-0.1515488,-0.1629658,0.9653586
0.1357995,-0.1534636,-0.1624386,0.9652053
0.1353508,-0.1554658,-0.1618811,0.9650415
0.1348552,-0.1573681,-0.1613632,0.9648892
0.1343292,-0.1591969,-0.1608046,0.9647559
0.133766,-0.1610344,-0.1601886,0.9646316
0.1331876,-0.16279,-0.1596304,0.9645095
0.1325778,-0.1644772,-0.1590324,0.964406
0.1319214,-0.1662379,-0.1584343,0.9642926
0.1312532,-0.1679198,-0.1578456,0.9641889
0.1305415,-0.1696279,-0.157219,0.9640889
0.1298088,-0.1713864,-0.1565903,0.9639792
0.12912,-0.1731121,-0.155965,0.9638646
0.1284473,-0.1748254,-0.1552917,0.9637541
0.1278472,-0.1764805,-0.1547053,0.9636265
0.1273317,-0.1779738,-0.1541606,0.9635074
0.1268577,-0.1794454,-0.1536158,0.963384
0.1264173,-0.1809692,-0.1531714,0.9632276
0.1259907,-0.182437,-0.1527182,0.9630786
0.1255916,-0.1838614,-0.1522547,0.9629331
0.1252145,-0.1852835,-0.1518562,0.9627726
0.1248885,-0.1866947,-0.1514294,0.9626095
0.124576,-0.1880412,-0.1510149,0.9624531
0.1242692,-0.1894064,-0.1506546,0.9622815
0.1239428,-0.1908482,-0.1502622,0.9621
0.123624,-0.1922568,-0.1498809,0.96192
0.1234066,-0.1935745,-0.1495824,0.9617301
0.1232306,-0.1948619,-0.1493042,0.9615359
0.1230555,-0.1960987,-0.1490424,0.9613475
0.1228503,-0.1972797,-0.1487708,0.9611742
0.1225836,-0.1984865,-0.1484879,0.9610035
0.122312,-0.1996866,-0.1481727,0.9608382
0.1220575,-0.2007738,-0.1478429,0.9606947
0.1218262,-0.2017539,-0.1475358,0.9605659
0.1216113,-0.2026634,-0.1472508,0.9604455
0.1214201,-0.2034562,-0.1469821,0.9603432
0.121244,-0.2041887,-0.1467369,0.9602474
0.121063,-0.2049193,-0.1464654,0.9601561
0.1208939,-0.2055915,-0.146202,0.9600738
0.1207561,-0.2061428,-0.1459909,0.960005
0.1207078,-0.2066524,-0.1458097,0.9599292
0.1206888,-0.2072449,-0.1456293,0.9598312
0.1206987,-0.2078167,-0.1454674,0.9597308
0.1207413,-0.2083378,-0.1453151,0.9596356
0.1208096,-0.2088318,-0.1451868,0.9595389
0.1209245,-0.2092438,-0.1451108,0.9594463
0.1210762,-0.2095701,-0.1450347,0.9593674
0.1212219,-0.2099641,-0.1449608,0.959274
0.1213672,-0.2103537,-0.1448811,0.9591824
0.1215292,-0.2107438,-0.1447758,0.9590921
0.1217305,-0.211072,-0.1447588,0.958997
0.1219507,-0.2113091,-0.144729,0.9589214
0.122153,-0.2115956,-0.1447079,0.9588355
0.1223594,-0.21182,-0.1446802,0.9587638
0.1225804,-0.2119474,-0.14464,0.9587135
0.1227871,-0.2121353,-0.1446088,0.9586502
0.1230017,-0.2122356,-0.1445676,0.9586067
0.1232515,-0.2121441,-0.1445601,0.958596
0.1235172,-0.2119659,-0.1446113,0.9585935
0.1237868,-0.2117267,-0.1446832,0.9586008
0.1240469,-0.2114398,-0.1447473,0.9586208
0.1243112,-0.2110964,-0.1448377,0.9586486
0.1245448,-0.2107837,-0.144911,0.958676
0.1247444,-0.2105039,-0.1449519,0.9587054
0.1249486,-0.2101794,-0.1449765,0.9587462
0.1251761,-0.2098581,-0.1450667,0.9587733
0.125404,-0.2095325,-0.1451835,0.9587971
0.1256166,-0.2091141,-0.1453057,0.958842
0.1257967,-0.2086667,-0.1454871,0.9588884
0.1259298,-0.2081225,-0.1456755,0.9589605
0.1260826,-0.2074873,-0.145883,0.9590465
0.126236,-0.2068608,-0.146102,0.9591283
0.1263756,-0.2062659,-0.1462784,0.9592112
0.1264494,-0.2057052,-0.1464569,0.9592946
0.1265147,-0.2051953,-0.1466096,0.959372
0.1266235,-0.2047163,-0.1467336,0.959441
0.126742,-0.2041803,-0.1468552,0.959521
0.1268612,-0.2036391,-0.1469761,0.9596016
0.1269686,-0.2031237,-0.1470588,0.9596841
0.1271048,-0.2024839,-0.147177,0.9597831
0.1271749,-0.2017562,-0.147296,0.9599088
0.1271992,-0.2010344,-0.1474096,0.9600396
0.1272054,-0.2002444,-0.1475367,0.9601843
0.1272108,-0.1994281,-0.1476937,0.9603293
0.1272216,-0.1986705,-0.1478967,0.9604536
0.1272786,-0.1978097,-0.1481564,0.9605838
0.1273714,-0.1968358,-0.1484857,0.9607207
0.1275102,-0.1957736,-0.1488463,0.9608635
0.127755,-0.1946248,-0.1492128,0.9610075
0.1279971,-0.1934131,-0.1495416,0.9611688
0.1282441,-0.1921386,-0.1498294,0.9613467
0.1285163,-0.190843,-0.1501463,0.9615189
0.1288157,-0.1894386,-0.1504724,0.9617055
0.1291316,-0.1879682,-0.1508275,0.9618961
0.1294761,-0.1864485,-0.1512382,0.962081
0.1298379,-0.1848347,-0.1516546,0.9622781
0.1302033,-0.1831678,-0.1520778,0.9624807
0.1305274,-0.1814309,-0.152541,0.9626924
0.1308341,-0.1796675,-0.152984,0.9629112
0.131112,-0.177856,-0.1533954,0.9631442
0.1313859,-0.1759487,-0.1538238,0.9633888
0.1316148,-0.1740355,-0.1541983,0.9636452
0.1318394,-0.172077,-0.1545622,0.9639079
0.1320862,-0.1700686,-0.1549646,0.9641659
0.1323267,-0.1681182,-0.1553628,0.9644109
0.1325263,-0.1661876,-0.1557326,0.9646584
0.1326732,-0.1642621,-0.1561231,0.9649048
0.1327926,-0.1622986,-0.1565285,0.9651549
0.1328699,-0.1603343,-0.1569148,0.9654099
0.1328782,-0.1585024,-0.157231,0.9656597
0.1328902,-0.1566417,-0.1575843,0.9659041
0.1328777,-0.154779,-0.1579377,0.9661484
0.1328345,-0.153037,-0.1582702,0.9663774
0.1328362,-0.1511947,-0.1586973,0.9665971
0.13289,-0.1492997,-0.1591479,0.9668101
0.132964,-0.1475436,-0.1595977,0.9669954
0.1330675,-0.1458303,-0.1600511,0.9671661
0.1332033,-0.1440674,-0.1604557,0.9673446
0.1333293,-0.1423921,-0.1607948,0.9675189
0.1334633,-0.1407462,-0.1610947,0.9676914
0.1336222,-0.1391056,-0.1613765,0.9678597
0.1337684,-0.1375574,-0.1616396,0.9680169
0.1339265,-0.1360508,-0.1619215,0.9681608
0.134126,-0.1345055,-0.1622776,0.9682895
0.1343388,-0.1330064,-0.1626523,0.9684042
0.13455,-0.1315984,-0.1630264,0.9685043
0.1347793,-0.1301725,-0.1633999,0.9686022
0.1350096,-0.1287433,-0.1637512,0.9687018
0.1352765,-0.1273994,-0.1640408,0.9687932
0.1355203,-0.1261627,-0.164282,0.9688801
0.1357145,-0.1248967,-0.1645277,0.9689752
0.1358937,-0.1237217,-0.1647174,0.9690686
0.1361129,-0.1226356,-0.1649358,0.9691387
0.1363459,-0.1214895,-0.1651869,0.9692076
0.1365699,-0.1203708,-0.1654307,0.9692741
0.1367947,-0.1192717,-0.165711,0.9693304
0.1370294,-0.1180939,-0.1659933,0.9693931
0.1373245,-0.1168856,-0.1662845,0.9694479
0.1376502,-0.1156701,-0.166589,0.9694952
0.1379823,-0.1144471,-0.1668349,0.9695508
0.1383186,-0.1131963,-0.1670655,0.96961
0.1386241,-0.111937,-0.1672759,0.9696764
0.1388721,-0.1106777,-0.1674643,0.9697529
0.1391324,-0.1093756,-0.1676788,0.9698263
0.1393955,-0.1080617,-0.1679084,0.969896
0.1396571,-0.1067517,-0.1681536,0.969961
0.1399198,-0.105464,-0.1684448,0.9700134
0.1401819,-0.1042073,-0.1687723,0.9700545
0.1404318,-0.1029893,-0.1690838,0.9700941
0.1406773,-0.1017846,-0.1694242,0.9701263
0.1409213,-0.1005984,-0.1697728,0.9701537
0.1411558,-0.0994293,-0.1700609,0.9701898
0.1413834,-0.09827738,-0.1703504,0.9702231
0.1416871,-0.09710325,-0.1706016,0.9702529
0.1419843,-0.09597697,-0.1708218,0.9702829
0.1422762,-0.09489606,-0.1710223,0.970311
0.1425667,-0.09380177,-0.171183,0.9703465
0.142852,-0.09270316,-0.1713752,0.9703761
0.1431278,-0.09159879,-0.1715572,0.9704083
0.1433448,-0.09048085,-0.1717315,0.9704503
0.1435708,-0.08934271,-0.1719345,0.9704863
0.1438004,-0.08819427,-0.1721342,0.970522
0.1440261,-0.08702768,-0.1723063,0.9705634
0.1442505,-0.08590424,-0.1725327,0.9705898
0.1444838,-0.08477943,-0.1727732,0.9706113
0.1447034,-0.08367366,-0.1729775,0.9706382
0.1448558,-0.08263849,-0.1732039,0.9706637
0.1450001,-0.08164921,-0.1734371,0.9706842
0.1451866,-0.08072121,-0.1736685,0.9706926
0.1453079,-0.07985698,-0.1739097,0.9707028
0.1454135,-0.07901415,-0.174134,0.9707158
0.1454966,-0.07818621,-0.1743641,0.9707289
0.1455501,-0.07737876,-0.1746046,0.9707425
0.1455811,-0.07666079,-0.1748228,0.9707555
0.1455994,-0.07603413,-0.1750482,0.9707614
0.1455846,-0.07544141,-0.1752706,0.9707698
0.1455042,-0.07492097,-0.1754827,0.9707837
0.1453683,-0.07447455,-0.1756314,0.9708116
0.1451854,-0.07407405,-0.175738,0.9708503
0.1449584,-0.07376135,-0.1758185,0.9708935
0.1446754,-0.07355386,-0.1758239,0.9709505
0.1443368,-0.07343059,-0.1757817,0.9710178
0.1439853,-0.07336546,-0.1757376,0.971083
0.1436164,-0.07341646,-0.1756794,0.9711443
0.1432448,-0.07355826,-0.1755995,0.9712029
0.1428702,-0.07370632,-0.1755457,0.9712565
0.1424725,-0.07383394,-0.1754798,0.9713171
0.1420703,-0.07394241,-0.1753957,0.971383
0.1416718,-0.07405701,-0.1753219,0.9714457
0.1412678,-0.07421111,-0.1752278,0.9715099
0.1408675,-0.07439669,-0.1751107,0.9715749
0.1404881,-0.07453672,-0.1750281,0.9716339
0.1401016,-0.07468983,-0.1749586,0.9716905
0.1397418,-0.07486417,-0.174875,0.971744
0.1394286,-0.07501297,-0.1748158,0.9717882
0.1391318,-0.07518521,-0.174753,0.9718285
0.1388781,-0.07534455,-0.1746815,0.9718654
0.1386656,-0.07543901,-0.1746509,0.971894
0.1384696,-0.07555865,-0.1746164,0.9719189
0.1382805,-0.07567255,-0.1745911,0.9719415
0.1381225,-0.07571901,-0.1746127,0.9719564
0.1379782,-0.07577861,-0.1746345,0.9719684
0.1378555,-0.07583676,-0.174654,0.9719777
0.1377633,-0.07587367,-0.1746679,0.9719854
0.137696,-0.07586157,-0.1746731,0.9719949
0.1376391,-0.07585134,-0.1746776,0.972003
0.137653,-0.0757737,-0.1746666,0.9720091
0.1376113,-0.07564867,-0.1746553,0.9720268
0.1375616,-0.07546894,-0.1747071,0.9720384
0.1374757,-0.07529317,-0.1746939,0.9720665
0.1373856,-0.07509712,-0.1747371,0.9720867
0.1372916,-0.07489423,-0.1747851,0.972107
0.1371835,-0.07469306,-0.174771,0.9721403
0.1370744,-0.07449708,-0.1747576,0.9721732
0.1369649,-0.07429139,-0.1748068,0.9721954
0.1368769,-0.0740567,-0.1748556,0.972217
0.1368011,-0.07381351,-0.1749021,0.9722378
0.1367454,-0.07357848,-0.1749529,0.9722543
0.1367037,-0.0733596,-0.1750203,0.9722645
0.1366556,-0.07317325,-0.1750816,0.9722742
0.1365978,-0.07297684,-0.1751268,0.972289
0.1365171,-0.0727878,-0.1751698,0.9723068
0.1364123,-0.07259784,-0.1751566,0.9723381
0.1362816,-0.07240321,-0.1751453,0.9723731
0.1361447,-0.0722128,-0.1751351,0.9724081
0.1359981,-0.07204738,-0.175129,0.972442
0.1358523,-0.07187676,-0.1751221,0.9724762
0.1357056,-0.07171133,-0.1751159,0.9725101
0.1355783,-0.07158682,-0.1751129,0.9725376
0.1354722,-0.07149286,-0.1751115,0.9725595
0.135379,-0.07147607,-0.1751184,0.9725725
0.1353168,-0.07146488,-0.175123,0.9725811
0.1353261,-0.0714131,-0.1751158,0.972585
0.1353883,-0.07142429,-0.1751112,0.9725763
0.1355127,-0.07144668,-0.1751021,0.972559
0.1356978,-0.0714721,-0.1751406,0.9725244
0.1359703,-0.07145902,-0.1751713,0.9724817
0.1363242,-0.0715085,-0.1752391,0.9724164
0.1367872,-0.07146217,-0.1753057,0.9723426
0.1373433,-0.07135297,-0.1753876,0.9722576
0.1379911,-0.07119346,-0.1755074,0.9721559
0.138721,-0.07096989,-0.1756377,0.9720448
0.1395054,-0.07071253,-0.1757638,0.9719285
0.1403355,-0.07046504,-0.1758761,0.9718067
0.1412045,-0.07026071,-0.1759634,0.9716797
0.1421188,-0.07007729,-0.1760701,0.9715404
0.1430833,-0.06988442,-0.1761866,0.9713916
0.1440843,-0.06971037,-0.1763603,0.9712245
0.1451528,-0.06948891,-0.1765264,0.9710512
0.1462775,-0.06920793,-0.176748,0.9708621
0.1474295,-0.06891555,-0.1769334,0.9706749
0.1485996,-0.06861038,-0.1771151,0.9704849
0.1497824,-0.06825472,-0.1772512,0.9703033
0.1509498,-0.06792013,-0.1773755,0.9701231
0.1520895,-0.06762898,-0.1774733,0.9699476
0.1532342,-0.06734333,-0.1775422,0.9697747
0.1543829,-0.06706995,-0.1776388,0.9695937
0.1555361,-0.06685963,-0.1777542,0.9694027
0.1566836,-0.06668288,-0.1778907,0.9692051
0.157822,-0.06650081,-0.1780483,0.9690039
0.1589568,-0.06636604,-0.1782129,0.9687974
0.1600803,-0.06623098,-0.1783676,0.9685932
0.1611756,-0.06610225,-0.1785204,0.9683921
0.1622378,-0.06598913,-0.1786331,0.9682017
0.1633101,-0.06589174,-0.1787711,0.9680026
0.1643829,-0.06579254,-0.1789192,0.9678004
0.1654611,-0.06574008,-0.1790257,0.9676005
0.1665578,-0.06573766,-0.1791751,0.9673848
0.1676711,-0.06575961,-0.1793264,0.9671629
0.168815,-0.06583992,-0.1794569,0.9669342
0.169995,-0.06601454,-0.1796145,0.9666862
0.1712173,-0.06619309,-0.1797895,0.9664258
0.172475,-0.06629648,-0.1799352,0.9661679
0.1737539,-0.06639588,-0.1800861,0.9659038
0.175046,-0.0664831,-0.1802548,0.965633
0.17635,-0.06655947,-0.1804042,0.9653626
0.1776886,-0.0666752,-0.1805509,0.9650816
0.1790528,-0.06680021,-0.1807282,0.9647876
0.1804366,-0.06690552,-0.1809106,0.9644883
0.1818554,-0.06699174,-0.1810805,0.9641839
0.1832996,-0.06705947,-0.1812816,0.9638678
0.1847741,-0.06708082,-0.1814926,0.9635451
0.1862704,-0.06709877,-0.181711,0.9632145
0.1877966,-0.06710319,-0.1819663,0.9628696
0.1893443,-0.0671052,-0.1822238,0.9625176
0.1909138,-0.06710065,-0.1824774,0.9621598
0.1924989,-0.06709474,-0.1827233,0.9617977
0.1940842,-0.06708863,-0.1829953,0.9614276
0.195683,-0.06705979,-0.1832292,0.961061
0.1973005,-0.06698358,-0.1834412,0.9606951
0.1989351,-0.06689688,-0.1836382,0.9603264
0.2005912,-0.06677711,-0.1838262,0.9599541
0.2022554,-0.06665956,-0.1839597,0.9595875
0.2038875,-0.06664935,-0.1841057,0.9592147
0.2055006,-0.06662666,-0.184267,0.958841
0.2070816,-0.06662588,-0.1844032,0.9584747
0.2086175,-0.06669699,-0.1846007,0.9580986
0.2101529,-0.06672202,-0.1848529,0.9577125
0.2116716,-0.06672142,-0.1851068,0.957329
0.2131653,-0.06681881,-0.1853718,0.9569395
0.214644,-0.06690628,-0.1856198,0.9565547
0.2161261,-0.06696987,-0.1858299,0.9561756
0.2176071,-0.06708688,-0.1860238,0.9557937
0.2190912,-0.06720936,-0.1861966,0.9554123
0.2206005,-0.0673323,-0.1863393,0.9550285
0.2220999,-0.06755759,-0.1865094,0.9546318
0.2236203,-0.06772915,-0.1866868,0.95423
0.2251481,-0.06788477,-0.1868434,0.9538289
0.2266575,-0.06805275,-0.1870257,0.9534236
0.2281575,-0.06821083,-0.1871957,0.9530211
0.2296524,-0.06833751,-0.1873536,0.9526219
0.2311251,-0.06849129,-0.187498,0.9522262
0.2325661,-0.06871768,-0.1876184,0.9518352
0.2339903,-0.06888802,-0.1876849,0.9514607
0.2353821,-0.06903085,-0.187727,0.9510986
0.2367268,-0.06913811,-0.1877231,0.9507578
0.2380306,-0.06918717,-0.1877428,0.9504248
0.2393105,-0.06919844,-0.1877833,0.9500945
0.2405658,-0.06922209,-0.1878023,0.9497719
0.2418078,-0.06928631,-0.187848,0.9494427
0.2430064,-0.06938259,-0.1879114,0.9491171
0.2441547,-0.06949127,-0.1879779,0.9488012
0.2452767,-0.06957711,-0.1880906,0.9484832
0.246389,-0.06965821,-0.1882139,0.9481644
0.2474818,-0.06975531,-0.1883269,0.9478502
0.2485726,-0.06981078,-0.1884677,0.9475326
0.2496501,-0.06982682,-0.1886005,0.9472217
0.2506884,-0.06987739,-0.1887245,0.946919
0.2516772,-0.0699356,-0.188829,0.9466315
0.2526401,-0.07001185,-0.1888921,0.9463567
0.2535605,-0.07016432,-0.1889354,0.9460905
0.254456,-0.07031035,-0.1889855,0.9458293
0.2553315,-0.07037334,-0.1890392,0.9455779
0.2561688,-0.07041583,-0.1890816,0.9453398
0.2569887,-0.07043912,-0.1891212,0.9451075
0.2577968,-0.07046907,-0.1891693,0.9448756
0.2585758,-0.07059025,-0.1892326,0.944641
0.2593534,-0.07071552,-0.1892807,0.9444088
0.2601309,-0.07084075,-0.1893286,0.9441759
0.2608924,-0.07096566,-0.1893675,0.9439486
0.2616413,-0.07109685,-0.1893769,0.9437295
0.2623771,-0.0713125,-0.1893385,0.9435166
0.2631047,-0.07159445,-0.1893179,0.9432968
0.2638245,-0.07186806,-0.1892959,0.9430794
0.2645456,-0.07215393,-0.1892767,0.9428594
0.2652465,-0.07246183,-0.1892657,0.942641
0.2659312,-0.07271946,-0.1892437,0.9424326
0.266599,-0.07297596,-0.1891583,0.9422413
0.2672383,-0.0731983,-0.1891329,0.942048
0.2678705,-0.07332522,-0.1890837,0.9418684
0.2684925,-0.07345009,-0.1890353,0.9416913
0.2691174,-0.07363816,-0.1890027,0.9415047
0.2697732,-0.07385331,-0.188973,0.9413061
0.27045,-0.07406744,-0.1889403,0.9411017
0.2711319,-0.07431281,-0.1889747,0.9408792
0.271798,-0.07450935,-0.189031,0.9406601
0.2724147,-0.07471617,-0.1890801,0.9404554
0.2729895,-0.07496727,-0.18907,0.9402707
0.2735499,-0.07516792,-0.1891247,0.9400809
0.2741002,-0.07531442,-0.1891664,0.9399004
0.2746214,-0.07544987,-0.189209,0.939729
0.2751029,-0.07552365,-0.1892458,0.9395747
0.2755397,-0.07558689,-0.1892913,0.9394325
0.2759268,-0.07563856,-0.1893458,0.9393037
0.2762455,-0.07567022,-0.1894258,0.9391913
0.2764944,-0.07563367,-0.1894862,0.9391088
0.2766521,-0.07563596,-0.1895691,0.9390454
0.2767527,-0.07563452,-0.1896315,0.9390033
0.2767416,-0.07568956,-0.1896477,0.9389989
0.2766616,-0.0756734,-0.1896542,0.9390225
0.2765154,-0.07570116,-0.1896813,0.9390578
0.2763042,-0.0757158,-0.1897136,0.9391122
0.2760691,-0.07566831,-0.1897326,0.9391814
0.275824,-0.07561879,-0.1897523,0.9392534
0.2755357,-0.07562826,-0.1897935,0.9393289
0.2752452,-0.07558971,-0.1897515,0.9394256
0.2749239,-0.07558211,-0.1897926,0.9395121
0.274572,-0.0756166,-0.189789,0.939613
0.2741788,-0.07564737,-0.1897736,0.9397284
0.2737479,-0.07565857,-0.1897634,0.9398552
0.2732743,-0.07564645,-0.189731,0.9400004
0.272713,-0.07562798,-0.1896869,0.9401739
0.2720642,-0.07557835,-0.189657,0.9403719
0.2713335,-0.07546619,-0.1895997,0.9406035
0.2704964,-0.07541319,-0.1895447,0.9408599
0.2695619,-0.0753749,-0.1894953,0.941141
0.2686129,-0.07535629,-0.189436,0.9414258
0.2675612,-0.07529747,-0.1893945,0.9417383
0.2663988,-0.07520538,-0.1893691,0.9420803
0.2651168,-0.07507659,-0.1893435,0.9424573
0.263691,-0.07490018,-0.1893178,0.9428763
0.2621516,-0.07464281,-0.1892959,0.9433303
0.2604954,-0.07436155,-0.1892875,0.9438129
0.2587222,-0.07412,-0.1893092,0.9443151
0.2568633,-0.07387264,-0.1893463,0.9448345
0.2548542,-0.07361051,-0.1893641,0.9453952
0.2527883,-0.07336217,-0.1893753,0.9459667
0.2506867,-0.07307752,-0.1893921,0.9465445
0.2485677,-0.07271142,-0.1893472,0.9471403
0.2464494,-0.07235656,-0.1892607,0.9477381
0.2443851,-0.07201374,-0.1891639,0.9483179
0.2424195,-0.07167673,-0.1891095,0.9488587
0.2405452,-0.07143856,-0.1891417,0.9493471
0.2387676,-0.07127043,-0.189226,0.9497916
0.2371252,-0.07107179,-0.1893769,0.9501878
0.2355644,-0.07095432,-0.1895346,0.9505533
0.2340603,-0.07089695,-0.1896977,0.9508965
0.2326351,-0.07079169,-0.1898404,0.9512256
0.2312682,-0.07065943,-0.18997,0.9515428
0.2299536,-0.07056706,-0.1900383,0.9518546
0.2286794,-0.07049841,-0.190081,0.952158
0.227428,-0.070375,-0.1901146,0.9524601
0.2261934,-0.0702297,-0.1901575,0.9527563
0.2249863,-0.07015238,-0.1901902,0.9530412
0.2238025,-0.07015169,-0.1901938,0.9533193
0.2226083,-0.07019156,-0.1902116,0.9535923
0.2213896,-0.07022326,-0.190203,0.9538754
0.2201459,-0.07021558,-0.1901779,0.9541687
0.2188976,-0.07015017,-0.1901619,0.9544638
0.2176362,-0.07005532,-0.1901486,0.9547619
0.2163401,-0.06993945,-0.190134,0.9550678
0.2150494,-0.06972002,-0.1900941,0.9553832
0.2137391,-0.06950283,-0.1900296,0.9557059
0.2124081,-0.06937169,-0.1899772,0.9560226
0.2110992,-0.0691617,-0.189896,0.9563437
0.2097705,-0.068946,-0.1898212,0.9566665
0.2084149,-0.06872812,-0.1897619,0.9569901
0.2070302,-0.06850152,-0.1897099,0.9573172
0.2056345,-0.06817471,-0.1896627,0.9576507
0.2042136,-0.06777727,-0.1896276,0.9579898
0.202746,-0.06733617,-0.1895971,0.9583386
0.2012152,-0.06686857,-0.1895614,0.958701
0.1996481,-0.06637991,-0.1895262,0.9590694
0.1980358,-0.0659055,-0.1894993,0.9594417
0.1964012,-0.06547467,-0.189494,0.9598081
0.194774,-0.06503901,-0.18953,0.9601622
0.1931407,-0.06457436,-0.1896142,0.9605067
0.1914889,-0.06410089,-0.189698,0.9608526
0.1897929,-0.06363845,-0.189713,0.9612168
0.1880941,-0.06309105,-0.1896807,0.9615931
0.1863842,-0.06255041,-0.1896336,0.9619706
0.184659,-0.06206998,-0.1895716,0.9623466
0.182944,-0.06159184,-0.1894816,0.9627225
0.1812317,-0.06111505,-0.1894174,0.9630893
0.1795161,-0.06067802,-0.1893654,0.9634484
0.1777832,-0.06031211,-0.1893313,0.9637994
0.1760499,-0.05992718,-0.1893411,0.9641396
0.1743287,-0.0595478,-0.1893823,0.9644677
0.1725878,-0.05922149,-0.189412,0.964795
0.1708443,-0.05884237,-0.1893957,0.9651316
0.1690764,-0.05844232,-0.1893509,0.965476
0.1672648,-0.05804121,-0.1892669,0.9658322
0.1654119,-0.05760409,-0.1891589,0.9661985
0.1635422,-0.05716784,-0.1890355,0.9665668
0.1616673,-0.05677777,-0.188914,0.9669288
0.159809,-0.05644654,-0.188852,0.9672692
0.1579895,-0.05611513,-0.1888285,0.9675919
0.1561966,-0.05585282,-0.1888071,0.9679024
0.1544272,-0.05560216,-0.1888009,0.9682019
0.1526585,-0.05539645,-0.1887846,0.9684973
0.150878,-0.05519229,-0.1887209,0.9688003
0.1490795,-0.05496569,-0.188639,0.9691075
0.1472813,-0.05473454,-0.1885505,0.9694127
0.1454712,-0.05451933,-0.1884167,0.9697241
0.1436605,-0.05430876,-0.1882933,0.9700298
0.1418665,-0.05408797,-0.1881505,0.9703339
0.1401028,-0.053915,-0.1880059,0.9706277
0.1383715,-0.05377461,-0.1878726,0.9709097
0.1366741,-0.05360661,-0.1877533,0.9711824
0.1349983,-0.0534297,-0.1876146,0.9714533
0.1333496,-0.05322306,-0.1875057,0.9717134
0.1317378,-0.05295313,-0.1873893,0.9719704
0.1301548,-0.05268832,-0.1872607,0.9722227
0.1286051,-0.05247925,-0.1871724,0.9724573
0.1270941,-0.05233102,-0.1871674,0.9726649
0.125655,-0.05220727,-0.1872605,0.9728405
0.1242477,-0.0521471,-0.1873585,0.9730056
0.1228699,-0.05206998,-0.1874534,0.9731664
0.1215497,-0.05191783,-0.1875353,0.9733245
0.1202587,-0.05180888,-0.1876195,0.9734744
0.1189953,-0.05165576,-0.1876226,0.9736373
0.1178017,-0.05138571,-0.187576,0.9738057
0.1166549,-0.05112395,-0.1875318,0.973966
0.1155157,-0.05092479,-0.1874354,0.9741307
0.1143829,-0.05073035,-0.1873174,0.9742973
0.1132359,-0.05053311,-0.1871948,0.9744651
0.112061,-0.05032665,-0.1871046,0.9746288
0.1108622,-0.05011337,-0.1870417,0.974789
0.1096093,-0.04988746,-0.1869971,0.9749509
0.1083165,-0.04965585,-0.1869278,0.9751204
0.1070157,-0.04942392,-0.1868481,0.9752911
0.1056835,-0.04918652,-0.1867645,0.9754643
0.1043152,-0.04900514,-0.1866619,0.9756403
0.1029338,-0.04876278,-0.1865592,0.9758189
0.1015002,-0.04860995,-0.1864676,0.9759942
0.1000272,-0.04842672,-0.1863858,0.9761709
0.0985359,-0.04816027,-0.1863188,0.9763486
0.0969948,-0.04788243,-0.1862643,0.9765269
0.09543543,-0.04766943,-0.186174,0.9767082
0.09389501,-0.04746798,-0.1861042,0.9768806
0.09233581,-0.04731425,-0.1860863,0.9770401
0.09073754,-0.04717474,-0.1860664,0.9772004
0.08911023,-0.04697634,-0.1860958,0.977354
0.08743844,-0.04677878,-0.1861171,0.9775105
0.08574145,-0.04655427,-0.1861373,0.9776677
0.0840541,-0.04624106,-0.1861492,0.9778268
0.08235184,-0.0459883,-0.1861187,0.9779893
0.08065169,-0.0457433,-0.1860721,0.9781513
0.07894511,-0.04552315,-0.1859953,0.9783155
0.07723828,-0.04528479,-0.1859274,0.9784756
0.07553658,-0.04505172,-0.1858438,0.9786351
0.07385176,-0.04486058,-0.1858191,0.9787771
0.07218021,-0.04468984,-0.1857578,0.9789213
0.07052879,-0.04457908,-0.1857459,0.979049
0.06888179,-0.04444993,-0.1857688,0.9791677
0.06723364,-0.04426351,-0.1857564,0.979293
0.06561685,-0.04405133,-0.1857297,0.9794173
0.06405224,-0.04376247,-0.1856953,0.9795404
0.0625074,-0.04347882,-0.1856386,0.9796636
0.06097215,-0.04319803,-0.1855654,0.9797866
0.05946519,-0.04292241,-0.1854921,0.9799052
0.05794077,-0.04264245,-0.1854332,0.9800199
0.0564262,-0.04236498,-0.1853629,0.9801336
0.05491195,-0.0420868,-0.1853026,0.980243
0.05340397,-0.04169419,-0.1852677,0.9803497
0.05192168,-0.04127931,-0.1852301,0.980454
0.05046958,-0.04090697,-0.1852081,0.9805495
0.0490442,-0.04049169,-0.1852612,0.980629
0.04765161,-0.04013123,-0.1853145,0.9807025
0.04624338,-0.03968117,-0.1853647,0.9807787
0.04484974,-0.03923922,-0.1854141,0.9808519
0.04347778,-0.03887013,-0.1853913,0.9809326
0.0421298,-0.03832855,-0.1854344,0.9810047
0.040782,-0.037814,-0.1854779,0.9810733
0.03946477,-0.03733765,-0.1855209,0.9811373
0.03817459,-0.03686094,-0.1855625,0.9811985
0.03692064,-0.03636395,-0.1856014,0.9812577
0.03569275,-0.03587184,-0.1856391,0.9813141
0.03446876,-0.03535877,-0.1856757,0.9813695
0.03323425,-0.03484365,-0.1857123,0.9814236
0.03199544,-0.03432225,-0.1857486,0.9814763
0.03076774,-0.03377042,-0.1857833,0.9815281
0.02952826,-0.03319464,-0.1858176,0.9815793
0.0282558,-0.03256382,-0.1858515,0.9816315
0.02694399,-0.03198747,-0.1858197,0.9816934
0.02566113,-0.03145515,-0.1857663,0.981755
0.02442558,-0.0308449,-0.1857146,0.9818157
0.02320299,-0.03039429,-0.1856598,0.9818698
0.02200278,-0.02991461,-0.1856297,0.9819178
0.02083354,-0.02938189,-0.1855711,0.9819705
0.01966,-0.02888384,-0.1856019,0.9820036
0.01850113,-0.02839394,-0.1856321,0.9820347
0.01736618,-0.0279423,-0.1856093,0.9820727
0.01626564,-0.02754469,-0.1856383,0.9820973
0.01520693,-0.02715494,-0.1856658,0.9821199
0.01419314,-0.02680726,-0.1856398,0.9821495
0.01322458,-0.02645623,-0.1856646,0.9821678
0.01230112,-0.02611507,-0.1856148,0.9821985
0.01143194,-0.0257733,-0.1855633,0.9822277
0.01061177,-0.02543956,-0.1855836,0.9822418
0.009807565,-0.02513591,-0.1856034,0.9822541
0.009005626,-0.02484893,-0.1856232,0.9822655
0.008185015,-0.02457465,-0.1856434,0.9822757
0.007330328,-0.02433727,-0.1856645,0.9822844
0.006454707,-0.02409592,-0.1856859,0.9822925
0.005561118,-0.0238349,-0.1857076,0.9823002
0.004654091,-0.02358757,-0.1857294,0.9823067
0.00373196,-0.02341369,-0.1856991,0.9823205
0.002834008,-0.02316856,-0.1856629,0.9823362
0.001948869,-0.02290977,-0.1856001,0.9823563
0.001052037,-0.02274089,-0.1855319,0.9823745
0.0001486938,-0.02263579,-0.1854688,0.9823893
-0.0007272121,-0.02247081,-0.1853999,0.982406
-0.001602985,-0.02239254,-0.1853409,0.9824178
-0.002473288,-0.02236952,-0.1852656,0.9824306
-0.00332101,-0.02228034,-0.1851588,0.9824504
-0.004140442,-0.02212602,-0.1850412,0.9824728
-0.004928708,-0.02197755,-0.1849123,0.9824969
-0.00568104,-0.02183581,-0.184751,0.9825264
-0.006372612,-0.02162963,-0.1845838,0.9825581
-0.007005081,-0.02145625,-0.1844255,0.9825873
-0.007568172,-0.02135013,-0.1842963,0.9826096
-0.008046498,-0.02126007,-0.1842125,0.9826235
-0.008440739,-0.02118584,-0.1841425,0.982635
-0.008733839,-0.02113091,-0.1841488,0.9826324
-0.008927493,-0.02109462,-0.1841529,0.9826307
-0.009011234,-0.02107893,-0.1841547,0.9826299
-0.009063745,-0.02102598,-0.1841538,0.9826307
-0.008997761,-0.0209642,-0.1842133,0.9826215
-0.008825745,-0.02086522,-0.1842076,0.9826263
-0.008545828,-0.02078867,-0.1841987,0.982632
-0.00814233,-0.02074413,-0.1842446,0.9826277
-0.007615971,-0.02074744,-0.1842883,0.9826237
-0.007002062,-0.02078244,-0.1842725,0.9826305
-0.006292908,-0.02083737,-0.1842541,0.9826376
-0.005471133,-0.02093291,-0.1842333,0.9826443
-0.004567007,-0.02103385,-0.1842111,0.9826509
-0.003561511,-0.02114987,-0.1841871,0.9826571
-0.00246704,-0.02126593,-0.1841616,0.9826628
-0.001295062,-0.02136241,-0.1841345,0.982668
-6.948545E-05,-0.02145009,-0.1841069,0.9826722
0.001191403,-0.02155815,-0.184079,0.9826742
0.002485002,-0.02170171,-0.18405,0.9826741
0.003827508,-0.02184884,-0.1840197,0.9826722
0.005221731,-0.02203345,-0.1839881,0.9826676
0.006627875,-0.02229909,-0.184024,0.9826464
0.008040766,-0.02251549,-0.1839909,0.9826371
0.009473,-0.02267873,-0.1839568,0.982627
0.01088508,-0.02282561,-0.1839227,0.9826154
0.01224764,-0.02296764,-0.1838896,0.9826022
0.01360908,-0.02301308,-0.1838555,0.9825896
0.01495225,-0.02303747,-0.1838213,0.9825759
0.01628103,-0.02312136,-0.183788,0.982559
0.01765776,-0.02321183,-0.1838108,0.9825289
0.01911072,-0.02330943,-0.1838886,0.9824848
0.02062926,-0.02347627,-0.1840276,0.9824241
0.02223619,-0.02367119,-0.1841898,0.982354
0.02390536,-0.02384276,-0.1843061,0.9822888
0.02562961,-0.02400115,-0.1844303,0.9822181
0.02743779,-0.02414919,-0.1845109,0.9821506
0.02930692,-0.02434988,-0.1845224,0.9820895
0.03121671,-0.0245867,-0.1845543,0.9820188
0.03318829,-0.02484959,-0.184569,0.9819447
0.03521081,-0.02515868,-0.1845772,0.9818648
0.03724083,-0.02554208,-0.1845863,0.9817783
0.03933768,-0.02593826,-0.1846553,0.9816731
0.04150653,-0.02635037,-0.1847104,0.9815625
0.04375772,-0.02678091,-0.1847936,0.9814374
0.04609862,-0.02709934,-0.1849317,0.9812954
0.04845848,-0.02740952,-0.1850203,0.9811564
0.05084831,-0.02769805,-0.1851401,0.9810048
0.05325001,-0.0279265,-0.1853028,0.9808401
0.05565959,-0.02816777,-0.1854543,0.9806708
0.05808133,-0.02842467,-0.185563,0.9805024
0.0604731,-0.02862465,-0.1856083,0.9803434
0.06284591,-0.02881329,-0.1855215,0.980205
0.06527855,-0.0291072,-0.1854384,0.9800531
0.06779537,-0.0292467,-0.1854106,0.9798833
0.07029071,-0.02948637,-0.1853213,0.9797172
0.07277887,-0.029693,-0.1854285,0.979509
0.07528858,-0.02978679,-0.185568,0.97929
0.07774597,-0.02993066,-0.1857699,0.9790552
0.08017209,-0.03006717,-0.1859873,0.9788142
0.08258342,-0.03021442,-0.1861105,0.9785857
0.08496599,-0.03047612,-0.1861689,0.9783624
0.08730012,-0.03070823,-0.1862785,0.9781288
0.08957712,-0.03087452,-0.1863425,0.9779055
0.09178583,-0.03105138,-0.1864309,0.9776782
0.09397781,-0.03117381,-0.1865408,0.9774451
0.09614429,-0.03128151,-0.1865866,0.9772221
0.09824575,-0.03147117,-0.1866158,0.9770015
0.1003018,-0.03174875,-0.1865388,0.9767983
0.1023602,-0.03203742,-0.1864618,0.97659
0.1044242,-0.03235314,-0.1863853,0.9763756
0.1064974,-0.03267715,-0.1863724,0.9761434
0.108567,-0.03287826,-0.1863782,0.9759074
0.1106169,-0.03301263,-0.1864091,0.9756668
0.1126758,-0.03313204,-0.186532,0.9754036
0.1147559,-0.03319434,-0.1866627,0.975134
0.1168409,-0.03328457,-0.1867786,0.9748611
0.1189131,-0.03342586,-0.186905,0.9745814
0.1209944,-0.03353045,-0.1870146,0.9743006
0.1230527,-0.03366897,-0.1871399,0.9740139
0.1250782,-0.03378001,-0.18729,0.9737232
0.1270619,-0.03391003,-0.1874285,0.9734351
0.1290073,-0.03406873,-0.1876194,0.9731369
0.1308733,-0.03427444,-0.1878359,0.9728387
0.1326844,-0.03445218,-0.1879829,0.9725587
0.1344492,-0.03462185,-0.1881996,0.9722683
0.1361753,-0.03479497,-0.1883764,0.9719876
0.1378581,-0.03496631,-0.1885495,0.9717106
0.1394802,-0.03517038,-0.1887195,0.9714388
0.1410422,-0.03543812,-0.1888909,0.9711702
0.1425721,-0.03570395,-0.1890371,0.9709086
0.1440699,-0.03596707,-0.1891631,0.9706532
0.1455007,-0.03627127,-0.1892782,0.9704059
0.1468623,-0.03657286,-0.1893651,0.9701725
0.1481394,-0.03689668,-0.1893927,0.9699607
0.1493546,-0.03725091,-0.1893663,0.9697659
0.1504984,-0.03764789,-0.189351,0.9695767
0.1515926,-0.03809134,-0.1892826,0.9694023
0.1526449,-0.03859269,-0.1891927,0.9692349
0.1536495,-0.03913714,-0.1890889,0.9690745
0.1545977,-0.03974086,-0.1889803,0.9689204
0.1554893,-0.04035915,-0.1888512,0.9687772
0.1563332,-0.04093764,-0.188682,0.9686501
0.1571009,-0.04157325,-0.1884636,0.9685413
0.1577952,-0.04223898,-0.1881958,0.9684517
0.1584395,-0.04289213,-0.187887,0.9683778
0.1590115,-0.04356262,-0.1875913,0.9683114
0.1595263,-0.0442357,-0.1873313,0.9682466
0.1599724,-0.04485715,-0.1870994,0.9681892
0.1603359,-0.04544265,-0.1868859,0.9681431
0.1606278,-0.04598323,-0.1867091,0.9681032
0.1608434,-0.04642463,-0.1865362,0.9680798
0.1609157,-0.04672439,-0.1863425,0.9680906
0.160867,-0.04695634,-0.1861267,0.968129
0.1607429,-0.04718728,-0.1858689,0.968188
0.1605894,-0.04738487,-0.1856328,0.9682491
0.1604304,-0.04757576,-0.1854408,0.9683028
0.1602714,-0.04772904,-0.1852816,0.9683521
0.1601284,-0.04782005,-0.1851907,0.9683887
0.159999,-0.04786389,-0.1852043,0.9684054
0.1599244,-0.04786438,-0.1852052,0.9684174
0.1599137,-0.04787081,-0.185254,0.9684095
0.1599087,-0.04786554,-0.185335,0.9683951
0.1599056,-0.04786003,-0.185406,0.9683822
0.1599156,-0.04780228,-0.1854537,0.9683744
0.1599143,-0.04780365,-0.1854534,0.9683746
0.159913,-0.04780584,-0.1854531,0.9683747
0.1599029,-0.04785772,-0.1854615,0.9683722
0.1598896,-0.0479301,-0.1854734,0.9683686
0.1598747,-0.04801274,-0.1854871,0.9683644
0.1598588,-0.04810584,-0.1855024,0.9683594
0.1598077,-0.04808731,-0.1855567,0.9683583
0.1596999,-0.04806648,-0.1855621,0.968376
0.1595556,-0.04803883,-0.1855693,0.9683999
0.1594004,-0.04806782,-0.1855858,0.9684209
0.1592296,-0.04817052,-0.1855403,0.9684526
0.1590549,-0.04826662,-0.1854993,0.9684844
0.1588577,-0.04835317,-0.1854369,0.9685243
0.1586172,-0.04842724,-0.1853707,0.9685727
0.1583317,-0.04846641,-0.1852926,0.9686325
0.1580294,-0.04855105,-0.1851804,0.9686989
0.1577142,-0.04870275,-0.1850791,0.968762
0.1574128,-0.04886713,-0.1849838,0.9688211
0.1571212,-0.04903676,-0.1848992,0.9688759
0.1568452,-0.04920764,-0.1848241,0.9689264
0.1565834,-0.04935857,-0.1847553,0.9689742
0.1563361,-0.04949002,-0.1846878,0.9690202
0.156105,-0.04964507,-0.184601,0.9690661
0.1558769,-0.04981031,-0.184499,0.9691138
0.1556319,-0.04995816,-0.1844002,0.9691643
0.1553902,-0.05009395,-0.1842883,0.9692174
0.1551307,-0.05019203,-0.1842032,0.96927
0.1548787,-0.05025557,-0.1841172,0.9693235
0.1546114,-0.05034617,-0.1840319,0.9693776
0.1543285,-0.05046457,-0.1839573,0.9694306
0.1540412,-0.05052232,-0.1839048,0.9694833
0.1537623,-0.05049237,-0.18385,0.9695395
0.1534954,-0.05045451,-0.1838617,0.9695816
0.1532577,-0.05036716,-0.1838644,0.9696233
0.1530576,-0.05025151,-0.183861,0.9696614
0.1528537,-0.050219,-0.1838705,0.9696934
0.1526679,-0.05012389,-0.1838702,0.9697277
0.1524834,-0.05002654,-0.1838703,0.9697617
0.1522827,-0.04999021,-0.1838804,0.9697932
0.1520768,-0.04995447,-0.1838905,0.9698254
0.1518707,-0.04982169,-0.1839426,0.9698547
0.1516509,-0.04959749,-0.1839199,0.969905
0.1514116,-0.0492627,-0.1838796,0.969967
0.1511716,-0.04882824,-0.18388,0.9700264
0.1509527,-0.04832867,-0.1838762,0.9700861
0.1507567,-0.04782148,-0.1838917,0.9701388
0.150585,-0.04731175,-0.1839291,0.9701834
0.1504498,-0.04675142,-0.1840184,0.9702146
0.1503469,-0.04612755,-0.1841615,0.9702332
0.1502643,-0.04546012,-0.1843552,0.9702408
0.1502163,-0.04479839,-0.1845807,0.9702361
0.1501913,-0.04414345,-0.1848399,0.9702207
0.1501867,-0.04352084,-0.1850914,0.9702016
0.1501763,-0.04289882,-0.1853328,0.9701847
0.150144,-0.0422788,-0.1855706,0.9701715
0.1500944,-0.04166221,-0.1857677,0.9701681
0.1500452,-0.04101439,-0.185955,0.9701675
0.1499875,-0.04040833,-0.1861116,0.9701719
0.1499096,-0.0398776,-0.1862537,0.9701785
0.1498272,-0.03934149,-0.18639,0.970187
0.1497355,-0.03882586,-0.1865245,0.9701961
0.1496109,-0.0383126,-0.1866402,0.9702134
0.1494479,-0.03777589,-0.1867553,0.9702376
0.1492877,-0.03719562,-0.1868373,0.9702687
0.1491297,-0.03663106,-0.1869267,0.9702973
0.1489815,-0.03601439,-0.1869763,0.9703336
0.1488471,-0.03532654,-0.1870413,0.970367
0.148714,-0.0346055,-0.1871438,0.9703936
0.1485903,-0.03383554,-0.1872546,0.9704183
0.1484994,-0.03303479,-0.1873906,0.9704336
0.1484145,-0.03223148,-0.1875839,0.9704363
0.1483404,-0.03140013,-0.1877937,0.9704342
0.1482723,-0.03056502,-0.1880342,0.9704248
0.1482155,-0.02969873,-0.1883117,0.9704064
0.1481754,-0.02874655,-0.1885972,0.9703859
0.1481592,-0.02769793,-0.1888621,0.9703674
0.1481688,-0.02654296,-0.1891366,0.9703447
0.148195,-0.02527402,-0.1893885,0.9703254
0.1482327,-0.02389125,-0.1895757,0.9703181
0.1482652,-0.02244977,-0.1897808,0.9703075
0.1482972,-0.02095453,-0.1899778,0.9702976
0.1483109,-0.01941442,-0.1901583,0.9702922
0.1483224,-0.01788302,-0.1903502,0.9702822
0.1483163,-0.01641179,-0.1905565,0.9702687
0.1483283,-0.01495729,-0.190748,0.9702527
0.1483693,-0.0134868,-0.1909726,0.9702237
0.1484303,-0.01205354,-0.191159,0.9701966
0.1485086,-0.01061139,-0.1913535,0.9701631
0.1486228,-0.009092608,-0.1915562,0.9701211
0.1487441,-0.007558953,-0.1917929,0.9700688
0.1488808,-0.006052825,-0.1920485,0.9700079
0.1490359,-0.0044734,-0.1923398,0.9699349
0.1492135,-0.002937473,-0.1926627,0.9698494
0.1494188,-0.00147293,-0.1930211,0.9697499
0.1496919,-1.897185E-05,-0.1933626,0.9696408
0.1499657,0.001440151,-0.193703,0.9695294
0.1502412,0.002907203,-0.1940257,0.969419
0.1505196,0.004384138,-0.1943095,0.9693134
0.1508017,0.005883317,-0.1945999,0.9692034
0.1510834,0.007383285,-0.1948951,0.9690899
0.1513001,0.008900616,-0.1951463,0.9689928
0.1514622,0.0103984,-0.1954487,0.9688916
0.151589,0.011907,-0.1957392,0.9687958
0.1516792,0.01342368,-0.1960339,0.9687022
0.1517584,0.01489196,-0.1963568,0.968603
0.1518348,0.01632546,-0.1967006,0.9684981
0.1519199,0.01772646,-0.1970593,0.9683872
0.1520216,0.01909854,-0.1973955,0.9682767
0.1521343,0.02047445,-0.1977358,0.9681614
0.1522582,0.02183735,-0.1981146,0.9680347
0.1523868,0.02320271,-0.1984081,0.9679226
0.1525071,0.02456364,-0.1987335,0.9678033
0.1526121,0.02598055,-0.1990447,0.9676858
0.1526853,0.02746663,-0.1992972,0.9675813
0.1527267,0.02896227,-0.1995689,0.9674751
0.1527523,0.03045018,-0.1998045,0.9673768
0.1527449,0.03190403,-0.200024,0.9672857
0.1527023,0.03334277,-0.2002401,0.9671992
0.1526206,0.03477102,-0.2004414,0.9671201
0.1525034,0.03621263,-0.2006455,0.9670433
0.1523607,0.03768471,-0.2008335,0.9669706
0.152188,0.03923193,-0.2010406,0.9668931
0.1519774,0.0408567,-0.2012346,0.9668186
0.1517472,0.04255364,-0.2014428,0.9667382
0.151529,0.04431386,-0.2016509,0.9666499
0.1513264,0.04604984,-0.2018677,0.9665553
0.1511327,0.04779514,-0.2021247,0.9664472
0.1509562,0.04960006,-0.2024405,0.9663177
0.1508058,0.05137776,-0.2027604,0.9661812
0.1506709,0.0531588,-0.2030899,0.9660367
0.150536,0.05493552,-0.203467,0.965879
0.1503982,0.05673272,-0.2037924,0.9657279
0.1502665,0.05856059,-0.2041124,0.9655718
0.1501475,0.060363,-0.2044678,0.965404
0.1500479,0.06213903,-0.204785,0.9652396
0.1499713,0.06383639,-0.2050886,0.9650763
0.1499249,0.06548769,-0.2054264,0.964901
0.1499181,0.06710985,-0.2057379,0.9647242
0.1499504,0.06871871,-0.2060577,0.9645376
0.1500081,0.07034948,-0.2063796,0.9643423
0.1500778,0.07195302,-0.2066846,0.9641477
0.1501835,0.07351276,-0.2069713,0.9639521
0.1503338,0.07498784,-0.2072362,0.9637582
0.150499,0.07638425,-0.2075143,0.9635628
0.1506675,0.07773323,-0.2077735,0.9633728
0.150841,0.07903257,-0.2080408,0.9631822
0.1510544,0.08021902,-0.2082333,0.963009
0.1512555,0.08137749,-0.2084824,0.9628263
0.1515067,0.08244266,-0.2086964,0.9626498
0.1518068,0.08341697,-0.2088908,0.9624764
0.1521498,0.08437254,-0.2091009,0.9622933
0.1525641,0.08535971,-0.2092614,0.9621058
0.153029,0.0863089,-0.2094308,0.9619104
0.153506,0.08721849,-0.2096125,0.9617127
0.1540005,0.08812054,-0.2097699,0.9615172
0.1544917,0.08895878,-0.2099378,0.9613245
0.1549689,0.08968124,-0.2101194,0.9611408
0.1554312,0.09030277,-0.2103017,0.9609681
0.1559085,0.09087979,-0.2104659,0.9608004
0.1564109,0.0913486,-0.2106451,0.960635
0.1569329,0.09172388,-0.2107782,0.9604849
0.1574893,0.09207257,-0.2108966,0.9603345
0.1580805,0.0923726,-0.210962,0.9601941
0.1586994,0.09261534,-0.2110179,0.9600564
0.1593713,0.09279459,-0.2110245,0.9599263
0.1601125,0.09294784,-0.2110396,0.9597849
0.1609248,0.09301035,-0.2110749,0.9596351
0.1617586,0.09304384,-0.2111016,0.9594858
0.162677,0.09299403,-0.211137,0.9593276
0.1636454,0.09282415,-0.2111158,0.959184
0.1646812,0.09263351,-0.2110776,0.9590335
0.1657981,0.09231995,-0.2109934,0.9588899
0.1669497,0.09188789,-0.2108642,0.95876
0.1681367,0.09137921,-0.2107237,0.9586321
0.1693625,0.09086067,-0.2105419,0.9585055
0.1706008,0.09027092,-0.2103294,0.9583883
0.1718548,0.0896178,-0.2101253,0.9582703
0.1731625,0.08898602,-0.2099397,0.9581344
0.1745208,0.08833373,-0.2097552,0.9579887
0.1759307,0.08766286,-0.209557,0.9578359
0.1773788,0.08697688,-0.209358,0.9576748
0.1788541,0.0862128,-0.2091566,0.9575135
0.1803639,0.08535095,-0.2089399,0.9573548
0.1818998,0.08445077,-0.2087192,0.9571922
0.1834526,0.08354923,-0.20852,0.9570183
0.1850293,0.08268517,-0.2083284,0.9568316
0.1866181,0.08181383,-0.2081472,0.9566373
0.1882057,0.08098434,-0.2079515,0.9564394
0.1897833,0.08020074,-0.2076979,0.9562488
0.1913556,0.07940383,-0.207395,0.9560676
0.1929415,0.07865769,-0.2070864,0.9558775
0.1945706,0.07793558,-0.2067819,0.9556723
0.196246,0.07714741,-0.2064586,0.9554635
0.1979623,0.07635453,-0.2061463,0.9552405
0.1997137,0.07557046,-0.2058536,0.9550015
0.2014923,0.0747923,-0.2055977,0.9547442
0.203312,0.07407779,-0.2053622,0.9544648
0.2051357,0.07343376,-0.2051533,0.9541692
0.2069743,0.07283191,-0.2049239,0.9538676
0.2088185,0.07228542,-0.2047295,0.9535489
0.210652,0.07175657,-0.2045403,0.9532261
0.212458,0.07121777,-0.2043516,0.9529061
0.2142369,0.07063398,-0.2041777,0.9525884
0.216017,0.07005272,-0.2039917,0.9522691
0.2177915,0.06944152,-0.2038439,0.9519413
0.2195874,0.06882218,-0.2037087,0.9516026
0.2214098,0.06821575,-0.2036087,0.9512454
0.2232553,0.06763759,-0.2035646,0.9508647
0.2251029,0.06708112,-0.2035463,0.9504724
0.2269551,0.06652594,-0.2035163,0.9500773
0.2287946,0.06596887,-0.2034912,0.9496802
0.2305944,0.06537452,-0.2034309,0.9492989
0.2323668,0.06476925,-0.203297,0.9489368
0.2341022,0.0641398,-0.203163,0.9485816
0.2358214,0.06352778,-0.203,0.9482318
0.2375345,0.06286507,-0.2027822,0.9478949
0.2392292,0.06215583,-0.2025898,0.9475566
0.2409118,0.06144773,-0.2024078,0.9472153
0.2425706,0.06067659,-0.2021955,0.946887
0.2442193,0.05987991,-0.2019742,0.946561
0.2458733,0.0591167,-0.2017663,0.9462251
0.2475203,0.05829129,-0.2015089,0.9459017
0.2491494,0.05740156,-0.201251,0.9455833
0.2507671,0.05649806,-0.2009741,0.9452689
0.2523786,0.05558147,-0.2006144,0.9449707
0.2539884,0.054631,-0.2002266,0.944677
0.2556015,0.05363502,-0.1998297,0.944383
0.2572216,0.05267921,-0.199447,0.9440778
0.2588392,0.05177388,-0.1990657,0.9437662
0.2604296,0.05085246,-0.1987516,0.9434449
0.2620003,0.0499764,-0.1984561,0.9431189
0.2635632,0.04904101,-0.1981223,0.9428027
0.2651056,0.04805607,-0.1978395,0.9424803
0.2666497,0.04703994,-0.1975268,0.9421616
0.2681907,0.04596463,-0.1971812,0.9418496
0.2697377,0.04488618,-0.1968737,0.941524
0.2712848,0.04382094,-0.1965637,0.9411945
0.2728173,0.04271998,-0.1962744,0.9408624
0.2743219,0.04161935,-0.1960334,0.9405245
0.275797,0.04046202,-0.1957848,0.9401953
0.2772213,0.0392001,-0.1954737,0.9398945
0.2786087,0.03788374,-0.1951622,0.939603
0.2799585,0.03653251,-0.194839,0.9393223
0.2812977,0.03516477,-0.194452,0.9390545
0.2826011,0.03378588,-0.1940344,0.9388002
0.2838696,0.0324017,-0.193605,0.9385549
0.2851012,0.03098636,-0.1930985,0.9383336
0.2862692,0.02956317,-0.1926184,0.9381227
0.2873927,0.02815082,-0.1921238,0.937924
0.288471,0.02667664,-0.1916002,0.9377431
0.2895211,0.02516695,-0.1910288,0.9375778
0.2905329,0.02359194,-0.1904329,0.937427
0.2915048,0.02198231,-0.1898131,0.9372901
0.2924548,0.02036854,-0.1891555,0.9371635
0.2933688,0.01875646,-0.1885454,0.9370345
0.2942479,0.01716943,-0.1879249,0.9369139
0.2950545,0.01561389,-0.1872808,0.9368164
0.2957849,0.01407154,-0.186621,0.9367422
0.2964502,0.01252626,-0.1859721,0.9366829
0.2970535,0.01098541,-0.1852769,0.9366488
0.2975998,0.009435668,-0.1845807,0.9366297
0.2981249,0.007944776,-0.1839289,0.9366049
0.2986419,0.006477793,-0.1832888,0.9365769
0.2991581,0.005008622,-0.1826814,0.9365398
0.2996794,0.003541251,-0.1821083,0.9364915
0.3001729,0.002069762,-0.1815298,0.9364502
0.3006456,0.0006076675,-0.1809786,0.9364073
0.3010989,-0.0008641903,-0.1804536,0.9363627
0.3015113,-0.002358931,-0.1799079,0.9363325
0.3018869,-0.00382759,-0.1793797,0.936308
0.3022358,-0.005283162,-0.1788551,0.9362886
0.3025588,-0.006755413,-0.1783106,0.9362787
0.3028737,-0.008248658,-0.1777553,0.9362705
0.3031937,-0.009757126,-0.1771927,0.936259
0.303531,-0.01130819,-0.1766354,0.9362377
0.3038498,-0.01293628,-0.1760919,0.9362156
0.304167,-0.01456481,-0.1754723,0.936205
0.3044814,-0.01622144,-0.1748929,0.936184
0.3048081,-0.01787807,-0.1742965,0.9361587
0.3051177,-0.01955656,-0.1736796,0.936139
0.3054142,-0.02121967,-0.173069,0.9361192
0.3056964,-0.02290267,-0.172438,0.9361038
0.3059551,-0.02462613,-0.1717763,0.9360972
0.3061881,-0.02638992,-0.1711342,0.9360906
0.3064162,-0.02815359,-0.1705246,0.9360758
0.3066214,-0.02995178,-0.1699086,0.9360648
0.3067844,-0.03174115,-0.1692448,0.9360726
0.3069311,-0.03349542,-0.1686094,0.9360781
0.3070499,-0.03526307,-0.1679195,0.9360983
0.3071306,-0.0370778,-0.1671203,0.9361447
0.3071835,-0.03890101,-0.1662815,0.9362026
0.3072143,-0.04069798,-0.1654249,0.9362679
0.307226,-0.04244893,-0.1645773,0.9363357
0.3072284,-0.04421551,-0.1637458,0.9363989
0.3072107,-0.04600106,-0.1629491,0.9364578
0.3071809,-0.04781892,-0.1621851,0.9365091
0.3071228,-0.04967468,-0.1614296,0.9365621
0.3070329,-0.05161867,-0.1606156,0.9366263
0.3068963,-0.05361761,-0.1597511,0.9367067
0.3067245,-0.05557276,-0.1588484,0.9368025
0.3065251,-0.05752986,-0.1579099,0.9369083
0.3063026,-0.05952217,-0.1569397,0.9370196
0.306076,-0.06158879,-0.1559478,0.9371257
0.305859,-0.06367734,-0.1549274,0.9372262
0.3056352,-0.06582799,-0.1539369,0.9373137
0.3053929,-0.06804539,-0.1529238,0.9374002
0.305124,-0.07028732,-0.1519095,0.9374874
0.3048064,-0.07253851,-0.1509472,0.9375746
0.3044051,-0.07477926,-0.1499304,0.937692
0.3040092,-0.0769746,-0.1488981,0.9378074
0.3036164,-0.07915005,-0.1479248,0.9379076
0.3031643,-0.08134802,-0.1468766,0.9380304
0.3027034,-0.08358177,-0.1458005,0.9381508
0.3022404,-0.08582191,-0.1447534,0.93826
0.3017552,-0.08805487,-0.1436839,0.9383736
0.3012332,-0.09027674,-0.1425986,0.9384958
0.3006541,-0.09249307,-0.1415242,0.9386283
0.30001,-0.09467701,-0.1404208,0.9387823
0.2993145,-0.09684607,-0.1393083,0.9389488
0.2985608,-0.09901292,-0.1381972,0.939127
0.2977725,-0.1011371,-0.1371164,0.9393092
0.296959,-0.103303,-0.1360175,0.9394908
0.2961367,-0.105493,-0.1349593,0.9396597
0.2953143,-0.1076505,-0.1339295,0.9398211
0.2944804,-0.1097721,-0.1329012,0.9399832
0.293624,-0.1118951,-0.1318759,0.9401453
0.2927735,-0.1139981,-0.130843,0.9403023
0.2919229,-0.1161157,-0.1297967,0.9404525
0.2910531,-0.1182334,-0.1287249,0.9406056
0.2901576,-0.1203568,-0.1276246,0.9407628
0.2892445,-0.1224171,-0.1265918,0.9409177
0.2883332,-0.1243794,-0.1256022,0.9410726
0.2874073,-0.1263414,-0.124642,0.9412223
0.2864631,-0.1282958,-0.1237154,0.9413679
0.2855126,-0.1302117,-0.1227838,0.9415156
0.2845639,-0.1321121,-0.1218636,0.9416576
0.2836188,-0.1339605,-0.1209664,0.9417973
0.2826701,-0.1358128,-0.1200535,0.941934
0.2817095,-0.137708,-0.1191039,0.9420671
0.2807395,-0.1396078,-0.1181343,0.9421992
0.2797508,-0.1414802,-0.1172099,0.9423294
0.2787854,-0.1432715,-0.1163267,0.9424543
0.2778388,-0.1449782,-0.1154815,0.9425767
0.2769123,-0.1466873,-0.1146759,0.9426833
0.2760162,-0.1483474,-0.1138713,0.9427839
0.2751456,-0.149999,-0.113106,0.9428691
0.2743028,-0.1516235,-0.1123459,0.9429457
0.2734574,-0.1532317,-0.111592,0.9430209
0.2726068,-0.1547979,-0.1108364,0.9431005
0.2717166,-0.1562974,-0.1100514,0.943202
0.2707957,-0.157719,-0.1092879,0.9433189
0.2698633,-0.1590666,-0.1085759,0.943442
0.2689193,-0.1604044,-0.1078425,0.9435692
0.2679802,-0.1617738,-0.1071393,0.9436827
0.2670479,-0.1631285,-0.1064754,0.9437889
0.2661111,-0.1644564,-0.1058125,0.9438975
0.2651607,-0.1657803,-0.1051634,0.944006
0.264221,-0.1670726,-0.1045384,0.944111
0.263284,-0.1683214,-0.1039145,0.9442199
0.2623143,-0.1695724,-0.1032758,0.944336
0.2613308,-0.1708089,-0.1026212,0.9444572
0.2603328,-0.1719776,-0.1019696,0.9445913
0.2593097,-0.1731162,-0.1012948,0.9447374
0.2582854,-0.1742518,-0.1006519,0.9448779
0.2572615,-0.1753631,-0.1000072,0.94502
0.2562103,-0.1765003,-0.09934736,0.9451635
0.2551497,-0.1776729,-0.09869296,0.9452992
0.2540717,-0.1788197,-0.09804708,0.9454405
0.2529374,-0.1799398,-0.09736696,0.9456025
0.2517382,-0.1810307,-0.09668999,0.9457837
0.2504831,-0.182072,-0.09597293,0.94599
0.2491649,-0.1831101,-0.09521035,0.9462149
0.2477909,-0.1841561,-0.09442574,0.9464513
0.2463562,-0.1851388,-0.09364838,0.9467113
0.2448998,-0.1860923,-0.09292388,0.9469736
0.2434243,-0.18703,-0.09225643,0.9472345
0.2419051,-0.1879255,-0.0916075,0.9475094
0.2403682,-0.1888009,-0.09101821,0.9477832
0.2388177,-0.1896481,-0.09042831,0.9480625
0.2372392,-0.190476,-0.0898202,0.9483506
0.235647,-0.1912993,-0.08921419,0.948639
0.234045,-0.192101,-0.08860288,0.9489309
0.2324248,-0.1929156,-0.08795905,0.9492236
0.2308015,-0.1937114,-0.08731509,0.9495171
0.229174,-0.1944357,-0.08671713,0.949818
0.2275353,-0.1951476,-0.08613399,0.950119
0.2258862,-0.1958735,-0.0855502,0.9504158
0.2242271,-0.1965849,-0.08499126,0.9507119
0.2225657,-0.1972514,-0.08444198,0.9510131
0.2208786,-0.1978975,-0.0838719,0.9513226
0.2191899,-0.1985307,-0.08332676,0.9516291
0.2175229,-0.199157,-0.08280648,0.9519261
0.2158817,-0.199809,-0.08228057,0.9522086
0.2142572,-0.2004501,-0.08179779,0.9524824
0.212665,-0.201035,-0.08132128,0.9527567
0.2111039,-0.2016175,-0.08088742,0.9530177
0.2096098,-0.2021696,-0.08044994,0.9532676
0.2081809,-0.2027193,-0.08006822,0.953496
0.2067895,-0.2032389,-0.07969724,0.9537193
0.2054186,-0.2037243,-0.07932961,0.9539425
0.2040786,-0.2041749,-0.0789932,0.9541618
0.2027624,-0.2045855,-0.07866015,0.9543819
0.2014754,-0.2049963,-0.07833695,0.9545929
0.200242,-0.2053801,-0.07803983,0.9547942
0.1990379,-0.205708,-0.07773265,0.9550004
0.1978594,-0.2060578,-0.07744081,0.9551936
0.1967115,-0.2063731,-0.07718251,0.9553835
0.1955575,-0.2066201,-0.07690344,0.9555895
0.1944004,-0.2068625,-0.07663582,0.9557946
0.1932329,-0.2070757,-0.0763628,0.9560071
0.1920512,-0.2072813,-0.07605357,0.9562252
0.1908746,-0.2075021,-0.07576276,0.956436
0.1896935,-0.2077058,-0.07547697,0.9566493
0.1884963,-0.2079316,-0.07517488,0.9568607
0.1872864,-0.2081725,-0.07486351,0.9570703
0.1860374,-0.2083891,-0.07453424,0.9572924
0.1847645,-0.2086231,-0.07421061,0.9575131
0.1834517,-0.2089396,-0.07385039,0.9577243
0.1821214,-0.2093499,-0.07348841,0.9579164
0.1807535,-0.2098111,-0.0731047,0.958104
0.1793532,-0.2102722,-0.07272201,0.9582951
0.1779121,-0.2107396,-0.07232745,0.9584909
0.1764313,-0.211195,-0.07192143,0.958695
0.1749317,-0.2116336,-0.07151229,0.9589036
0.1733959,-0.2121201,-0.07105233,0.9591092
0.1718217,-0.2126469,-0.07056335,0.959312
0.1702327,-0.2131842,-0.07006988,0.9595122
0.1686455,-0.2137713,-0.06958921,0.9596967
0.1670807,-0.2144086,-0.06910349,0.9598634
0.1655809,-0.2150569,-0.06867248,0.9600092
0.1641452,-0.2156649,-0.06827321,0.9601478
0.1627839,-0.2162311,-0.06790104,0.9602786
0.1614781,-0.2167911,-0.06756483,0.9603965
0.1602071,-0.2173193,-0.06722721,0.9605137
0.158963,-0.2178617,-0.06696276,0.960616
0.1576528,-0.2183487,-0.06675275,0.960736
0.1562784,-0.2188232,-0.06618989,0.9608915
0.1550707,-0.2193536,-0.06595861,0.9609821
0.1538284,-0.2199152,-0.06546459,0.9610872
0.152564,-0.220738,-0.0650048,0.9611313
0.1513986,-0.2213076,-0.06476112,0.9612011
0.1502464,-0.2218518,-0.06444214,0.9612778
0.1490928,-0.2224427,-0.06419471,0.9613374
0.1479431,-0.2228743,-0.06395508,0.9614311
0.1467628,-0.2232708,-0.06369959,0.9615369
0.1455571,-0.2236689,-0.06345818,0.9616436
0.1443233,-0.2240101,-0.06317947,0.9617685
0.1430478,-0.2243513,-0.0628837,0.9618989
0.1417333,-0.2247015,-0.06257644,0.9620318
0.1403707,-0.2250051,-0.06225325,0.9621816
0.1389483,-0.2253307,-0.06190942,0.962334
0.1374702,-0.2256445,-0.06155881,0.9624952
0.1359457,-0.2259106,-0.06122075,0.9626709
0.1343558,-0.2261553,-0.06085246,0.96286
0.1326478,-0.2263507,-0.06048005,0.9630743
0.1308348,-0.2263978,-0.06010579,0.9633346
0.1288899,-0.2264334,-0.05968546,0.9636145
0.126855,-0.2264769,-0.05924964,0.9639012
0.1247243,-0.2264298,-0.05880493,0.9642175
0.1225099,-0.2263417,-0.05837912,0.9645479
0.1202083,-0.2262476,-0.05794048,0.964886
0.1178486,-0.226135,-0.05749278,0.9652301
0.1154898,-0.2261822,-0.05733737,0.9655135
0.112871,-0.2258665,-0.05664739,0.9659376
0.1103378,-0.2258301,-0.05632784,0.9662575
0.1077321,-0.2255106,-0.05589798,0.966651
0.1050033,-0.2254405,-0.05525782,0.9670044
0.1022816,-0.2253079,-0.0548731,0.9673488
0.09954911,-0.2250378,-0.05434609,0.9677263
0.09684603,-0.2248635,-0.05384216,0.9680693
0.09422397,-0.2246522,-0.05344703,0.9683989
0.09167235,-0.224391,-0.05303611,0.9687269
0.08919752,-0.2241508,-0.05273449,0.9690301
0.08679197,-0.2238469,-0.05250433,0.9693313
0.08444326,-0.2234417,-0.05230199,0.9696431
0.08213352,-0.2230113,-0.05210942,0.9699508
0.07982004,-0.2225982,-0.0518443,0.9702531
0.07755592,-0.2221385,-0.05161615,0.9705541
0.07533406,-0.2216948,-0.05135676,0.9708443
0.07312926,-0.2213026,-0.05108571,0.9711166
0.07095847,-0.2208989,-0.05092945,0.9713778
0.06875536,-0.2204193,-0.05070516,0.9716569
0.06657981,-0.2199843,-0.05045919,0.9719197
0.06444597,-0.2194733,-0.05028784,0.9721879
0.06229269,-0.2188873,-0.05005096,0.9724725
0.06013017,-0.2183421,-0.04985419,0.9727413
0.05801134,-0.2176791,-0.04968325,0.9730272
0.05589283,-0.2169603,-0.04946549,0.9733228
0.05380645,-0.2162068,-0.04928226,0.9736173
0.05176347,-0.2153896,-0.04910427,0.9739182
0.04974928,-0.2145612,-0.0488815,0.9742172
0.0477522,-0.2137474,-0.04865862,0.9745072
0.04578865,-0.2128643,-0.04851678,0.9748017
0.04388074,-0.2119432,-0.04841185,0.9750953
0.04203139,-0.2110401,-0.04830698,0.9753778
0.04023179,-0.210105,-0.04824924,0.9756584
0.03848623,-0.209047,-0.04826283,0.9759554
0.03673853,-0.2079277,-0.04818583,0.9762656
0.03498704,-0.2067719,-0.04811664,0.9765788
0.03326781,-0.2055645,-0.04807808,0.9768956
0.03156015,-0.2043539,-0.04795703,0.9772122
0.02989304,-0.2032368,-0.04787289,0.9775016
0.0283006,-0.2021109,-0.04785669,0.9777832
0.02676072,-0.2009148,-0.04778059,0.9780768
0.0252709,-0.1997497,-0.04777644,0.9783552
0.0238039,-0.1986214,-0.04777009,0.978622
0.02239132,-0.1974033,-0.04776484,0.978902
0.02098613,-0.1961995,-0.04769339,0.9791786
0.01962463,-0.1950241,-0.04765457,0.9794435
0.01830071,-0.1938624,-0.04760593,0.9797021
0.01703517,-0.1926634,-0.04755219,0.979964
0.01580494,-0.1914632,-0.04753227,0.9802207
0.01459792,-0.1902752,-0.0475041,0.9804721
0.01337831,-0.1890921,-0.04746752,0.9807202
0.01216217,-0.1879121,-0.04742941,0.9809645
0.01095245,-0.186689,-0.04738958,0.9812143
0.009761872,-0.185444,-0.04735195,0.9814647
0.008582416,-0.1841912,-0.04729,0.9817146
0.00743386,-0.1829233,-0.04724889,0.981963
0.006312185,-0.1816953,-0.04721379,0.9822005
0.005187583,-0.1804612,-0.04716267,0.982437
0.00403193,-0.17919,-0.04709163,0.9826785
0.002835922,-0.1778824,-0.04700764,0.9829242
0.001597775,-0.1765068,-0.04687772,0.9831812
0.000338791,-0.1751432,-0.04674083,0.9834328
-0.0009719737,-0.1738089,-0.04658188,0.9836766
-0.002303943,-0.1724647,-0.04642133,0.9839185
-0.003675572,-0.1711198,-0.04627344,0.9841561
-0.005083649,-0.1697876,-0.04613879,0.9843869
-0.006512456,-0.1684795,-0.0460179,0.9846089
-0.007962139,-0.1672015,-0.04590198,0.9848214
-0.009425507,-0.1659406,-0.0458093,0.9850261
-0.01090624,-0.1646543,-0.04568651,0.9852323
-0.01238867,-0.1633793,-0.04553506,0.9854341
-0.01389256,-0.1620611,-0.04537095,0.9856392
-0.01539126,-0.1607267,-0.04515139,0.9858455
-0.01685396,-0.1593867,-0.04493755,0.9860489
-0.01827305,-0.1580605,-0.04472719,0.9862466
-0.01964116,-0.1567671,-0.04456233,0.9864342
-0.02095065,-0.1554186,-0.04443847,0.9866262
-0.02219482,-0.1540127,-0.04433162,0.9868242
-0.02338813,-0.1525747,-0.04423899,0.9870242
-0.02452286,-0.1511083,-0.04414219,0.9872265
-0.0256191,-0.1495457,-0.04403368,0.9874415
-0.02665485,-0.1480211,-0.04391953,0.9876488
-0.0276137,-0.1465339,-0.04382363,0.9878485
-0.02846896,-0.1450032,-0.04379981,0.9880512
-0.02922716,-0.1434327,-0.0438487,0.9882561
-0.02992476,-0.1418572,-0.04391743,0.9884595
-0.03053074,-0.1402414,-0.04405235,0.9886655
-0.03101766,-0.1385437,-0.04429452,0.9888789
-0.0314479,-0.1368011,-0.04450839,0.9890983
-0.03183069,-0.1350895,-0.04475267,0.9893103
-0.03218341,-0.1333496,-0.04486038,0.98953
-0.03250443,-0.1316491,-0.04496113,0.9897426
-0.03278974,-0.1299683,-0.0450058,0.9899533
-0.03304573,-0.1282849,-0.04497334,0.9901658
-0.03328358,-0.1266565,-0.04493763,0.9903691
-0.03351615,-0.125057,-0.04489009,0.9905666
-0.03377026,-0.1234428,-0.04483518,0.9907629
-0.03403935,-0.1218127,-0.04480998,0.9909566
-0.03432728,-0.1201598,-0.04478712,0.9911495
-0.03459288,-0.1184941,-0.04488564,0.9913363
-0.03483018,-0.1168103,-0.04498148,0.9915235
-0.03506602,-0.1151883,-0.04507199,0.9917008
-0.03527135,-0.1136024,-0.04515775,0.9918725
-0.03543832,-0.1120375,-0.04523867,0.9920409
-0.03556368,-0.1105038,-0.04531155,0.9922051
-0.03565349,-0.1089991,-0.04537845,0.9923652
-0.03569297,-0.1074658,-0.0454411,0.9925282
-0.03565659,-0.1059251,-0.04549425,0.9926926
-0.03561458,-0.1043671,-0.04554877,0.9928567
-0.03557072,-0.102752,-0.04560531,0.9930241
-0.0354608,-0.1010888,-0.04574119,0.9931925
-0.0352863,-0.09937513,-0.0459219,0.9933633
-0.03499623,-0.09757987,-0.04612579,0.9935421
-0.03463203,-0.09578934,-0.04637569,0.9937174
-0.03422385,-0.09400099,-0.04663722,0.99389
-0.03378049,-0.09222411,-0.04687884,0.9940603
-0.0333226,-0.09044711,-0.04710295,0.9942284
-0.03287419,-0.08864813,-0.04732857,0.9943947
-0.03242655,-0.08675683,-0.04749871,0.994568
-0.03199241,-0.08481675,-0.04767162,0.9947411
-0.03155879,-0.08287071,-0.04783391,0.9949113
-0.03113715,-0.08091785,-0.04797586,0.9950784
-0.03074846,-0.07901664,-0.04813445,0.9952356
-0.03040156,-0.07712948,-0.04831164,0.9953858
-0.03010402,-0.07524982,-0.04847611,0.9955307
-0.02985524,-0.07339955,-0.04864835,0.9956679
-0.02967467,-0.07159269,-0.04879187,0.9957978
-0.02958312,-0.06982839,-0.0489134,0.9959198
-0.02949234,-0.0680581,-0.04901901,0.9960399
-0.02947162,-0.06634125,-0.04907403,0.9961536
-0.0294911,-0.06468605,-0.04912949,0.9962591
-0.02951181,-0.06305721,-0.04918404,0.9963602
-0.02951115,-0.06153567,-0.04923364,0.996453
-0.02944031,-0.06010258,-0.04927603,0.9965404
-0.02936467,-0.05866625,-0.0493928,0.9966224
-0.02928966,-0.05725666,-0.0495193,0.9967003
-0.02921294,-0.05586413,-0.0496877,0.9967732
-0.02913778,-0.05449788,-0.04984992,0.996843
-0.02900685,-0.05318208,-0.05000215,0.9969103
-0.02893564,-0.05187888,-0.05014632,0.9969738
-0.02886791,-0.05061185,-0.05025748,0.9970353
-0.02880039,-0.04936643,-0.05038386,0.9970933
-0.02873202,-0.04809408,-0.05050031,0.9971516
-0.02861079,-0.04684604,-0.05062944,0.9972079
-0.02846428,-0.04562037,-0.05075132,0.9972627
-0.02827949,-0.04438074,-0.05087719,0.9973175
-0.02805446,-0.04307903,-0.05099781,0.9973747
-0.02781354,-0.04176152,-0.05109685,0.9974324
-0.02755816,-0.04046572,-0.05118392,0.9974885
-0.0272902,-0.03913319,-0.05127148,0.9975445
-0.02700852,-0.03779613,-0.05135788,0.9975993
-0.0266977,-0.03647685,-0.0514646,0.9976513
-0.02638202,-0.03517946,-0.0515864,0.9977
-0.0260814,-0.03387629,-0.05172476,0.9977458
-0.02580814,-0.03258762,-0.0518635,0.9977886
-0.02554774,-0.03133528,-0.05199092,0.9978288
-0.02529676,-0.03006665,-0.05212962,0.997867
-0.02504757,-0.02882973,-0.05226211,0.9979029
-0.02478534,-0.02757871,-0.05244775,0.9979351
-0.02449032,-0.02627643,-0.05265821,0.9979663
-0.02416935,-0.02492725,-0.05285004,0.9979987
-0.02385656,-0.02352949,-0.05303787,0.9980301
-0.02358144,-0.02210679,-0.05315787,0.9980628
-0.02334208,-0.0207512,-0.0532662,0.9980918
-0.02311487,-0.01952844,-0.05338207,0.9981155
-0.02287575,-0.01838082,-0.05349052,0.9981371
-0.02260583,-0.0172732,-0.0536453,0.9981547
-0.0223074,-0.01614668,-0.05384256,0.9981697
-0.02195748,-0.01495915,-0.05405103,0.9981847
-0.02155206,-0.01373194,-0.05425954,0.9981998
-0.02108493,-0.0124494,-0.05446841,0.9982153
-0.02057158,-0.01120146,-0.05468123,0.9982291
-0.02004247,-0.01004396,-0.05483868,0.9982435
-0.01949563,-0.008855419,-0.05499652,0.9982569
-0.0189347,-0.007699332,-0.05513755,0.9982695
-0.01836919,-0.006649661,-0.05524981,0.9982814
-0.01777828,-0.005622624,-0.0553561,0.9982926
-0.01714155,-0.004539446,-0.05546311,0.9983032
-0.01643863,-0.003423679,-0.05563419,0.99831
-0.01566087,-0.002307087,-0.05582627,0.998315
-0.01482362,-0.00117831,-0.05605027,0.9983172
-0.01393373,-6.346685E-05,-0.05629519,0.9983169
-0.01302164,0.001065981,-0.05655085,0.9983142
-0.0120664,0.002203513,-0.05681721,0.9983093
-0.0111057,0.003341316,-0.05703559,0.9983048
-0.01015106,0.004463937,-0.05721111,0.9983006
-0.009160182,0.00565927,-0.05737676,0.9982945
-0.008114459,0.006969211,-0.05750106,0.9982882
-0.007041745,0.008283005,-0.05761479,0.9982797
-0.005930213,0.009626305,-0.05776079,0.9982664
-0.004791205,0.01098396,-0.05791228,0.9982498
-0.003659775,0.01230461,-0.05807399,0.9982297
-0.00255022,0.01361583,-0.05823522,0.9982068
-0.001466095,0.01494456,-0.05838001,0.9981815
-0.0004175482,0.016302,-0.05851878,0.9981531
0.0006158979,0.01767628,-0.05866245,0.9981212
0.00165569,0.01906615,-0.0588007,0.9980863
0.002696849,0.02048789,-0.0589653,0.9980461
0.003724127,0.0219531,-0.05915054,0.9980007
0.004732146,0.02346748,-0.05937215,0.9979488
0.00572207,0.0249724,-0.05965701,0.9978901
0.006691216,0.02648917,-0.0599464,0.9978276
0.007618356,0.02802445,-0.0602503,0.9977607
0.00848581,0.02952569,-0.06051545,0.9976944
0.009276411,0.03098339,-0.06076268,0.9976281
0.009992626,0.03241848,-0.06095456,0.9975639
0.01066889,0.03395682,-0.06109056,0.9974974
0.01130445,0.03554583,-0.0612563,0.9974249
0.01195145,0.03714465,-0.06141681,0.9973492
0.01258987,0.03881376,-0.06163434,0.9972644
0.01321934,0.04046256,-0.06191015,0.9971735
0.01387067,0.04208402,-0.06226157,0.9970757
0.01453384,0.04371652,-0.06272484,0.996967
0.01524191,0.0453197,-0.06321693,0.9968538
0.01600511,0.04694036,-0.06369496,0.9967363
0.01681765,0.04859521,-0.06419035,0.9966119
0.01765833,0.05029495,-0.0646061,0.9964861
0.01849195,0.05204277,-0.06500961,0.9963551
0.01932386,0.05386001,-0.06542721,0.9962153
0.02016079,0.05578225,-0.06577852,0.9960698
0.02101466,0.05772452,-0.06613528,0.9959179
0.02189222,0.05963315,-0.06650455,0.9957619
0.0227916,0.0615507,-0.06687456,0.9956002
0.02369935,0.06343544,-0.06724565,0.9954357
0.02461785,0.06529734,-0.06759112,0.9952696
0.02557201,0.06721509,-0.0679369,0.9950944
0.02656545,0.06903454,-0.06831455,0.9949179
0.02761524,0.07082319,-0.06869665,0.9947373
0.02871871,0.07258747,-0.06912556,0.9945491
0.02987101,0.07424765,-0.06959312,0.99436
0.03107469,0.07587715,-0.07005981,0.9941673
0.03235438,0.07750028,-0.07050537,0.9939697
0.03361014,0.07914576,-0.07090105,0.9937702
0.03491963,0.08080881,-0.07128327,0.9935639
0.03629582,0.08246555,-0.07155851,0.9933587
0.03772365,0.08412024,-0.0718116,0.9931484
0.03921005,0.08573311,-0.07204252,0.9929361
0.04076624,0.08729746,-0.07230573,0.992718
0.04241205,0.08882004,-0.07258222,0.9924938
0.04414409,0.09027892,-0.07288986,0.9922641
0.04591022,0.09168021,-0.07316555,0.9920352
0.04767458,0.09307621,-0.07338484,0.9918057
0.04945219,0.09444481,-0.07359378,0.9915738
0.05124926,0.09580121,-0.07373927,0.9913416
0.05305319,0.09711957,-0.07383317,0.9911114
0.05487524,0.09834055,-0.0739361,0.9908841
0.05674858,0.0994967,-0.07410571,0.9906504
0.05867459,0.1006092,-0.07431898,0.9904099
0.06063655,0.1015749,-0.07453595,0.9901768
0.06262822,0.1024929,-0.07476562,0.9899409
0.06462272,0.1034368,-0.07499555,0.9896971
0.06661059,0.1043453,-0.07512996,0.9894598
0.0685746,0.1052725,-0.07526007,0.9892174
0.07050987,0.1062224,-0.07538483,0.9889703
0.07242526,0.107148,-0.07550735,0.9887226
0.07432957,0.1080733,-0.07568082,0.9884673
0.07622833,0.1089027,-0.07580838,0.9882219
0.07812811,0.1096781,-0.07594141,0.9879775
0.08000896,0.1104072,-0.07607605,0.9877354
0.08188552,0.1111398,-0.07620989,0.9874891
0.0837573,0.111836,-0.07634799,0.9872428
0.08564109,0.1124611,-0.07649186,0.986999
0.08755138,0.1130513,-0.07664072,0.9867524
0.08948527,0.1136513,-0.0767923,0.9864982
0.09141826,0.1141568,-0.07695519,0.9862499
0.09334835,0.1146134,-0.07712409,0.9860029
0.09526067,0.115126,-0.07728428,0.9857477
0.09712416,0.1155952,-0.07744393,0.9854984
0.09894758,0.1159838,-0.07751209,0.985266
0.1007194,0.1163185,-0.07753477,0.9850452
0.1024579,0.1166031,-0.07755629,0.9848305
0.1041743,0.1168455,-0.07752044,0.9846245
0.1058739,0.1169829,-0.07747243,0.9844307
0.1075517,0.1170697,-0.07740547,0.9842437
0.1092024,0.1171651,-0.07732875,0.9840566
0.1108395,0.1171834,-0.07726405,0.9838765
0.1124447,0.1171475,-0.07719129,0.9837043
0.1140181,0.1170803,-0.07709723,0.9835385
0.1155392,0.1169365,-0.07702902,0.9833834
0.1170329,0.1168734,-0.07701146,0.9832157
0.1185149,0.1168209,-0.0769965,0.9830456
0.1200196,0.1166784,-0.07697978,0.9828812
0.121534,0.1165304,-0.07696877,0.9827135
0.1230269,0.1163864,-0.07695408,0.982546
0.1244921,0.1162413,-0.07691935,0.9823813
0.1259058,0.1160404,-0.07690742,0.9822258
0.1272633,0.1157767,-0.07687756,0.9820843
0.1285879,0.1155077,-0.07681392,0.9819484
0.1298936,0.1152403,-0.07675382,0.9818127
0.1311923,0.115,-0.07671032,0.9816716
0.1324874,0.1147953,-0.0766497,0.9815263
0.1337751,0.1145897,-0.07658712,0.9813805
0.1350546,0.1144522,-0.07655597,0.9812238
0.1363198,0.1143198,-0.0765434,0.9810652
0.137562,0.1141954,-0.0765482,0.980906
0.1387715,0.1140234,-0.07658713,0.9807525
0.1399572,0.1137932,-0.07661597,0.9806085
0.1410912,0.1134922,-0.07668238,0.9804757
0.1421679,0.1132013,-0.07673357,0.9803498
0.1431991,0.1129306,-0.07672522,0.9802315
0.1442044,0.1127205,-0.07674902,0.9801065
0.145246,0.1126091,-0.07676078,0.9799646
0.1463563,0.1124255,-0.07676923,0.9798198
0.147531,0.112228,-0.07684442,0.9796604
0.1487346,0.1120527,-0.07689688,0.9794943
0.1499454,0.1118424,-0.07694495,0.9793299
0.1511383,0.1115809,-0.07701038,0.9791712
0.1522971,0.1113062,-0.07699373,0.9790242
0.1534057,0.1110193,-0.07694133,0.9788879
0.1544623,0.1107382,-0.07690319,0.9787565
0.1554652,0.1104819,-0.07684984,0.9786308
0.1564256,0.1102333,-0.0768555,0.9785054
0.1573587,0.1100106,-0.07690862,0.9783767
0.1582805,0.1097623,-0.07697078,0.9782509
0.1592055,0.1095101,-0.07703946,0.9781237
0.160139,0.1092788,-0.07716936,0.977987
0.1611094,0.109026,-0.07721395,0.9778522
0.1620904,0.1087394,-0.07724878,0.9777193
0.1630654,0.108487,-0.07729594,0.9775814
0.1640355,0.1082726,-0.07730927,0.9774418
0.1649802,0.1080528,-0.07730667,0.9773074
0.1659206,0.1077913,-0.07731275,0.9771765
0.1668747,0.1075404,-0.07732427,0.9770408
0.1678388,0.1073421,-0.07736535,0.9768943
0.168821,0.1071741,-0.07748846,0.9767337
0.1698108,0.107003,-0.07761132,0.9765711
0.1707908,0.106819,-0.07773572,0.9764104
0.1717458,0.1066552,-0.07785491,0.9762514
0.1726644,0.1064668,-0.07797409,0.9761003
0.1735364,0.1062197,-0.07804703,0.9759668
0.1743573,0.1060038,-0.07810991,0.9758389
0.1751419,0.1057988,-0.07822112,0.9757117
0.1759256,0.1055657,-0.07822921,0.9755954
0.176689,0.105299,-0.07825252,0.9754843
0.1774462,0.1050303,-0.07828666,0.9753731
0.1782021,0.1047641,-0.07833124,0.9752603
0.1789476,0.1044658,-0.07845715,0.9751457
0.1796895,0.1041197,-0.07851081,0.975042
0.1803904,0.1037544,-0.07852674,0.9749502
0.1810354,0.1033427,-0.07849738,0.9748767
0.181622,0.1029013,-0.07840759,0.9748215
0.1821741,0.1024477,-0.07828991,0.9747757
0.182708,0.101964,-0.07817637,0.9747357
0.1832218,0.1014122,-0.07806343,0.9747058
0.1837118,0.1008317,-0.07795932,0.9746821
0.1841861,0.1002258,-0.07788593,0.974661
0.1846435,0.09960546,-0.07781383,0.9746438
0.1850947,0.09895138,-0.07773148,0.9746314
0.1855387,0.09822945,-0.07762923,0.9746282
0.1859723,0.09744844,-0.07749423,0.9746346
0.1863815,0.09665409,-0.07733259,0.9746484
0.1867994,0.09588222,-0.07715086,0.9746591
0.187238,0.09504255,-0.07693532,0.9746742
0.1877047,0.09415781,-0.07672554,0.9746867
0.1881904,0.09333086,-0.07651658,0.9746892
0.1887059,0.09250957,-0.0763251,0.9746827
0.1892613,0.09168795,-0.07615306,0.9746661
0.1898349,0.09090137,-0.07597535,0.9746421
0.1904173,0.0901124,-0.07576069,0.9746185
0.1909881,0.08932783,-0.07550615,0.9745988
0.1915424,0.0886019,-0.07523845,0.9745771
0.1921126,0.08790989,-0.07498673,0.9745468
0.1927127,0.08714494,-0.07470851,0.9745184
0.1933338,0.08640061,-0.07449277,0.9744781
0.1939483,0.0857748,-0.07435557,0.9744219
0.1945505,0.08522171,-0.07422426,0.9743603
0.1951497,0.08468723,-0.07413236,0.9742941
0.1957351,0.08418606,-0.07403801,0.9742273
0.1963113,0.0837379,-0.07390485,0.9741601
0.1968697,0.08330265,-0.07374597,0.9740967
0.1973649,0.08288068,-0.07354183,0.974048
0.1977667,0.08255774,-0.07327254,0.9740142
0.1980756,0.08239385,-0.0730235,0.973984
0.1983089,0.08234059,-0.07286036,0.9739533
0.1985134,0.0824123,-0.07273985,0.9739146
0.1986923,0.08250324,-0.07273318,0.9738709
0.1988465,0.08261167,-0.07272115,0.9738311
0.1989503,0.08274473,-0.07270048,0.9738002
0.1989658,0.08295218,-0.07265809,0.9737825
0.1989874,0.08324261,-0.07259874,0.9737577
0.1990103,0.0835486,-0.07253621,0.9737315
0.1990342,0.08387014,-0.07247049,0.9737039
0.1990524,0.08423562,-0.07248764,0.9736673
0.1990677,0.08458979,-0.07252871,0.9736305
0.1990794,0.0849035,-0.07258343,0.9735966
0.1990924,0.08522028,-0.07262672,0.9735631
0.1991059,0.08552974,-0.07266068,0.9735307
0.1991171,0.08580183,-0.07269688,0.9735018
0.1991265,0.0860355,-0.07273012,0.9734767
0.199133,0.08624536,-0.07277904,0.9734532
0.1991361,0.08644495,-0.07285705,0.9734289
0.1991363,0.0866145,-0.07294662,0.9734071
0.1990724,0.08672638,-0.07301638,0.973405
0.198978,0.08682704,-0.07306995,0.9734113
0.1988423,0.08689456,-0.07304581,0.9734349
0.1986503,0.08697672,-0.07301446,0.9734691
0.1983977,0.08708429,-0.0729733,0.973514
0.198101,0.08723164,-0.07292058,0.9735652
0.1977845,0.08739091,-0.07286388,0.9736196
0.1974787,0.08748677,-0.07282119,0.9736761
0.1972038,0.08750732,-0.07279649,0.9737319
0.1969912,0.08752322,-0.07277738,0.973775
0.1968141,0.08748806,-0.07284769,0.9738087
0.1966749,0.08744106,-0.07284711,0.9738411
0.1965669,0.08739173,-0.07284932,0.9738671
0.1964891,0.08739755,-0.07284234,0.9738827
0.1964891,0.08732482,-0.07280304,0.9738922
0.1964845,0.08718359,-0.07277215,0.9739081
0.1964806,0.08702262,-0.07272366,0.973927
0.1965273,0.08681832,-0.07267155,0.9739397
0.1966406,0.08657961,-0.07266957,0.9739382
0.1968275,0.08627802,-0.07268602,0.973926
0.1970755,0.08594374,-0.07270283,0.9739041
0.197373,0.0856659,-0.0727822,0.9738625
0.1976791,0.08543435,-0.07285254,0.9738155
0.1979637,0.08521312,-0.0728267,0.9737788
0.1981974,0.08504279,-0.0727594,0.9737514
0.1983722,0.08494268,-0.0726351,0.9737337
0.1984823,0.08489662,-0.07245135,0.973729
0.1984991,0.08485751,-0.07225945,0.9737433
0.1985108,0.0847447,-0.07207717,0.9737642
0.1984499,0.08463082,-0.07193886,0.9737967
0.1983537,0.08454749,-0.07185693,0.9738296
0.1982342,0.08454505,-0.07178907,0.9738592
0.1981097,0.08455423,-0.07177826,0.9738845
0.1979852,0.08456341,-0.07176745,0.9739099
0.197871,0.08457182,-0.07175754,0.973933
0.1977515,0.08464841,-0.07173304,0.9739525
0.1976091,0.08476841,-0.07169785,0.9739735
0.1974297,0.08495371,-0.07164641,0.9739975
0.1972122,0.0851394,-0.07166286,0.9740242
0.1969595,0.08529419,-0.07169949,0.974059
0.1966891,0.08543667,-0.07174829,0.9740976
0.1964094,0.08555882,-0.0718278,0.9741375
0.1961423,0.0856622,-0.07192843,0.9741749
0.1959125,0.08575456,-0.07201771,0.9742063
0.1957171,0.08578819,-0.07209987,0.9742365
0.1955347,0.0858148,-0.07215181,0.974267
0.1953692,0.08590529,-0.07212111,0.9742945
0.1951981,0.08599096,-0.07209097,0.9743233
0.1950255,0.08605589,-0.07206501,0.9743542
0.1948335,0.08607009,-0.07204805,0.9743927
0.1946355,0.08609778,-0.07209857,0.974426
0.1944629,0.08604529,-0.07216739,0.97446
0.1943142,0.08597114,-0.07224783,0.9744903
0.1941871,0.08587615,-0.072258,0.9745232
0.19406,0.08578116,-0.07226817,0.9745561
0.1939244,0.08571289,-0.07227226,0.9745888
0.1937812,0.08570753,-0.07217596,0.9746249
0.1936242,0.08569919,-0.07205754,0.9746656
0.1934433,0.0856996,-0.07197362,0.9747078
0.1932563,0.08571339,-0.07195718,0.9747447
0.1930708,0.08567486,-0.07195149,0.9747853
0.1928795,0.08558182,-0.07202715,0.9748258
0.192693,0.08545984,-0.07203837,0.9748726
0.1925186,0.08528996,-0.07206018,0.9749203
0.1923545,0.08505347,-0.07199303,0.9749783
0.1922024,0.08472866,-0.07180878,0.9750502
0.1920503,0.08445361,-0.07154381,0.9751235
0.1919017,0.08421341,-0.07120685,0.9751981
0.1917554,0.08404008,-0.07093801,0.9752614
0.1916567,0.08389702,-0.07073709,0.9753078
0.1916497,0.08362834,-0.0706604,0.9753379
0.1916279,0.08332699,-0.0707196,0.9753636
0.1916036,0.08320692,-0.07090507,0.9753651
0.1916,0.08308142,-0.0711868,0.975356
0.1915392,0.08311356,-0.071472,0.9753444
0.1913452,0.08309252,-0.07156013,0.9753778
0.1910604,0.08328027,-0.07177809,0.9754016
0.1907273,0.08360718,-0.07193596,0.9754272
0.1903606,0.0837449,-0.07194536,0.9754863
0.1899744,0.08389169,-0.07203167,0.9755426
0.1896199,0.08428337,-0.07190366,0.9755873
0.1893238,0.08443774,-0.0719946,0.9756246
0.1891536,0.0847206,-0.07189713,0.9756404
0.1889764,0.08529536,-0.07202725,0.975615
0.1887341,0.08574937,-0.07228305,0.9756032
0.1883524,0.08604759,-0.07247818,0.9756363
0.1879349,0.08596857,-0.07293014,0.9756901
0.187527,0.08771576,-0.07409576,0.9755252
0.1869434,0.08852807,-0.07480328,0.9755098
0.1861524,0.08938623,-0.07503539,0.975565
0.1852458,0.08991718,-0.07528495,0.9756696
0.1845682,0.09089464,-0.07539948,0.9756985
0.1839415,0.09158835,-0.07582834,0.9757187
0.1834075,0.09226605,-0.07606675,0.9757369
0.1828923,0.09304984,-0.0761829,0.9757501
0.1823009,0.0938018,-0.0763533,0.9757755
0.1816925,0.09458044,-0.07630006,0.9758179
0.1809914,0.09516356,-0.0763148,0.9758904
0.1800868,0.09533871,-0.07681952,0.976001
0.1793581,0.09457303,-0.07791431,0.9761229
0.1786248,0.0970821,-0.07797862,0.9760059
0.1771619,0.09646682,-0.07841118,0.9762989
0.1757396,0.09601888,-0.07817578,0.9766189
0.1744873,0.09772546,-0.07781231,0.9767032
0.173284,0.09763899,-0.07808334,0.9769045
0.1724402,0.09678865,-0.07793504,0.9771501
0.1721055,0.09643177,-0.07760924,0.9772703
0.1721554,0.09561058,-0.07776354,0.97733
0.1724689,0.09461361,-0.07772813,0.9773746
0.1728548,0.09370326,-0.07760692,0.9774037
0.1731132,0.09295326,-0.07753254,0.9774355
0.1730394,0.09253443,-0.07744099,0.9774957
0.1725443,0.09219509,-0.07723068,0.9776318
0.1717016,0.09183485,-0.07679603,0.9778483
0.17073,0.09145585,-0.07646812,0.9780796
0.1698634,0.09103262,-0.07632425,0.9782811
0.169208,0.09076048,-0.07626727,0.9784244
0.1687353,0.0907603,-0.07639238,0.9784964
0.1683522,0.09081345,-0.07649878,0.9785491
0.1679794,0.0909422,-0.07644644,0.9786054
0.1675363,0.09097679,-0.07640526,0.9786812
0.1670255,0.09108482,-0.07634569,0.9787632
0.1665035,0.09123893,-0.07626996,0.9788436
0.1660349,0.09136776,-0.07628266,0.9789103
0.1656799,0.0914219,-0.07636312,0.9789591
0.1655338,0.09144258,-0.07640734,0.9789784
0.1655256,0.09133827,-0.07642497,0.9789881
0.1656977,0.09117913,-0.07640708,0.9789752
0.1660597,0.091016,-0.07634009,0.9789343
0.1664374,0.09083826,-0.07633615,0.978887
0.1669644,0.09049373,-0.07623976,0.9788367
0.1675647,0.09008278,-0.07606885,0.9787853
0.1682593,0.08957914,-0.07591975,0.9787239
0.1692818,0.08899312,-0.07565445,0.9786216
0.1704115,0.08851488,-0.07538342,0.9784898
0.1715834,0.08803759,-0.07510991,0.9783491
0.1727916,0.08742532,-0.07476063,0.9782181
0.1740648,0.08669857,-0.07437743,0.9780863
0.1754159,0.08591502,-0.07402112,0.977941
0.1768731,0.08509879,-0.07368931,0.977775
0.1784142,0.0842964,-0.07342039,0.9775848
0.1799677,0.08362956,-0.07315888,0.9773769
0.1814331,0.08297728,-0.07287756,0.9771826
0.1827092,0.0822572,-0.07254682,0.9770302
0.1837994,0.08178005,-0.07215083,0.976895
0.1847127,0.08165006,-0.07188143,0.9767535
0.1854545,0.08155452,-0.07171816,0.976633
0.1860935,0.08147506,-0.07159342,0.9765272
0.1866422,0.08141756,-0.07154493,0.9764308
0.1871073,0.08136712,-0.07149468,0.9763497
0.1875112,0.08131824,-0.07142361,0.9762816
0.1878762,0.08144833,-0.07142309,0.9762005
0.1881774,0.08177499,-0.07148792,0.9761105
0.1883596,0.08210317,-0.07153331,0.9760444
0.1884357,0.08228573,-0.07150244,0.9760166
0.1884384,0.08244934,-0.07156793,0.9759975
0.1884498,0.08262597,-0.07168771,0.9759715
0.1884518,0.08277782,-0.07175991,0.9759529
0.1884498,0.08290385,-0.07185421,0.9759357
0.1884481,0.08317471,-0.07202839,0.9759002
0.1883775,0.08344884,-0.07209934,0.9758852
0.1882408,0.0835659,-0.07213046,0.9758992
0.187993,0.08374283,-0.07213171,0.9759318
0.1876537,0.08391269,-0.07206453,0.9759874
0.1872581,0.08408989,-0.07212287,0.9760438
0.1868087,0.08424792,-0.0721634,0.9761133
0.1863544,0.08434626,-0.07218201,0.9761904
0.185961,0.08456998,-0.07229434,0.9762376
0.185603,0.08489007,-0.07247716,0.9762645
0.1852336,0.08508586,-0.07259661,0.9763086
0.1847976,0.08519388,-0.07264696,0.9763782
0.1843338,0.08528588,-0.07259528,0.9764616
0.1839021,0.08531797,-0.07255757,0.976543
0.1835694,0.08527467,-0.07254168,0.9766106
0.1833394,0.0850668,-0.0725651,0.9766701
0.1832119,0.08481384,-0.07253959,0.976718
0.183124,0.08461633,-0.07257133,0.9767493
0.1830171,0.0843814,-0.07250588,0.9767945
0.1828615,0.08403423,-0.07233379,0.9768662
0.1826751,0.08355438,-0.07213081,0.9769574
0.18248,0.08306412,-0.07195628,0.9770484
0.1823088,0.08257169,-0.0717513,0.9771373
0.1821729,0.08204748,-0.07159825,0.9772179
0.1820618,0.08159744,-0.07150171,0.9772835
0.1819252,0.08126388,-0.07140747,0.9773434
0.1817102,0.0809168,-0.07125684,0.9774233
0.1813785,0.0805903,-0.07102192,0.9775289
0.1809633,0.08038816,-0.07082663,0.9776368
0.180542,0.08025156,-0.07069512,0.9777353
